{
  "type": "minecraft:block",
  "random_sequence": "atrox:blocks/spookstone_stairs",
  "pools": [
    {
      "rolls": 1.0,
      "entries": [
        {
          "type": "minecraft:item",
          "name": "atrox:spookstone_dust",
          "functions": [
            {
              "count": 3,
              "function": "minecraft:set_count"
            },
            {
              "function": "minecraft:explosion_decay"
            }
          ]
        }
      ]
    }
  ]
}