{
  "name": "atrox:dungeonjigsaw_dungeon",
  "fallback": "atrox:dungeonjigsaw_dungeon",
  "elements": [
    {
      "weight": 5,
      "element": {
        "element_type": "minecraft:single_pool_element",
        "location": "atrox:dungeonway",
        "projection": "rigid",
        "processors": {
          "processors": []
        }
      }
    },
    {
      "weight": 10,
      "element": {
        "element_type": "minecraft:single_pool_element",
        "location": "atrox:dungeonlcorner",
        "projection": "rigid",
        "processors": {
          "processors": []
        }
      }
    },
    {
      "weight": 10,
      "element": {
        "element_type": "minecraft:single_pool_element",
        "location": "atrox:dungeonrcorner",
        "projection": "rigid",
        "processors": {
          "processors": []
        }
      }
    },
    {
      "weight": 5,
      "element": {
        "element_type": "minecraft:single_pool_element",
        "location": "atrox:3way",
        "projection": "rigid",
        "processors": {
          "processors": []
        }
      }
    },
    {
      "weight": 5,
      "element": {
        "element_type": "minecraft:single_pool_element",
        "location": "atrox:4way",
        "projection": "rigid",
        "processors": {
          "processors": []
        }
      }
    },
    {
      "weight": 10,
      "element": {
        "element_type": "minecraft:single_pool_element",
        "location": "atrox:shortlcorner",
        "projection": "rigid",
        "processors": {
          "processors": []
        }
      }
    },
    {
      "weight": 10,
      "element": {
        "element_type": "minecraft:single_pool_element",
        "location": "atrox:shortrcorner",
        "projection": "rigid",
        "processors": {
          "processors": []
        }
      }
    },
    {
      "weight": 15,
      "element": {
        "element_type": "minecraft:single_pool_element",
        "location": "atrox:downway",
        "projection": "rigid",
        "processors": {
          "processors": []
        }
      }
    },
    {
      "weight": 5,
      "element": {
        "element_type": "minecraft:single_pool_element",
        "location": "atrox:upway",
        "projection": "rigid",
        "processors": {
          "processors": []
        }
      }
    },
    {
      "weight": 5,
      "element": {
        "element_type": "minecraft:single_pool_element",
        "location": "atrox:halfway",
        "projection": "rigid",
        "processors": {
          "processors": []
        }
      }
    },
    {
      "weight": 10,
      "element": {
        "element_type": "minecraft:single_pool_element",
        "location": "atrox:dungeonend",
        "projection": "rigid",
        "processors": {
          "processors": []
        }
      }
    }
  ]
}