x,y,z,uuid,type,alive,display_name,custom_name
-12.856157778693802,79.0,147.7346916855299,380df991-f603-344c-a090-369bad2a924a,minecraft:player,true,Dev,[null]
68.5,67.0,95.5,d91898cb-b624-4351-9eac-bed99a937f4d,minecraft:zombified_piglin,true,Zombified Piglin,[null]
88.24640898023486,67.0,94.75359101976514,647e8db0-4000-4452-bcb9-85a633ca8cb7,minecraft:zombified_piglin,true,Zombified Piglin,[null]
96.5,67.0,138.5,93ba8a77-69ff-4277-9c5b-8f6501fb8bb7,minecraft:wither_skeleton,true,Wither Skeleton,[null]
101.62565193690094,67.0,140.65000000596046,63cb11b1-5b09-4b39-9307-40770d8e8f70,minecraft:wither_skeleton,true,Wither Skeleton,[null]
106.5,67.0,140.5,c7c94e7b-e19c-4401-ae0d-d4a96f11a71f,minecraft:wither_skeleton,true,Wither Skeleton,[null]
100.43993053644526,67.0,140.6183358974895,105e801c-890e-4b11-8bf0-8f57f58c4080,minecraft:wither_skeleton,true,Wither Skeleton,[null]
102.0643677279216,67.0,138.34999999403954,a345f97a-05ed-4922-b8e6-0e00a87709f3,minecraft:wither_skeleton,true,Wither Skeleton,[null]
105.5,67.0,138.5,9d33d556-e672-41b1-ac00-14668ccfc918,minecraft:blaze,true,Blaze,[null]
107.5,67.0,138.5,6cf59c03-dabd-45af-bfa7-f086b2c81b29,minecraft:zombified_piglin,true,Zombified Piglin,[null]
109.5,67.0,140.5,645e1a81-a09b-427b-bcbe-c194a4690219,minecraft:zombified_piglin,true,Zombified Piglin,[null]
92.5,71.0,97.5,2abba709-9bd3-4b9c-ba44-63a6e7c6af27,minecraft:zombified_piglin,true,Zombified Piglin,[null]
110.5,67.0,157.5,040632a2-a4e2-4a8a-a089-6d1e592d5c84,minecraft:zombified_piglin,true,Zombified Piglin,[null]
94.5,67.0,95.5,e318c267-0c7e-4c31-9eee-0c4ec18f7d31,minecraft:blaze,true,Blaze,[null]
97.5,67.0,95.5,e9f735c7-6b38-4c10-be70-4a23bf06a8cb,minecraft:blaze,true,Blaze,[null]
78.5,67.0,94.5,d2a74de8-a1dc-493e-9209-e0d945c72b78,minecraft:blaze,true,Blaze,[null]
99.5,67.0,159.5,eac58de1-beeb-4b9e-95b0-985ebeb1bf9b,minecraft:blaze,true,Blaze,[null]
100.5,67.0,159.5,e1c0dc94-c7b4-443c-96d9-3f91bf3e1573,minecraft:blaze,true,Blaze,[null]
99.5,67.0,158.5,9c69bdf5-65b4-4c4c-a447-51eb8dbe0158,minecraft:blaze,true,Blaze,[null]
92.5,67.0,94.5,cf45d2e6-7027-44fb-a094-5c16483c0b5b,minecraft:blaze,true,Blaze,[null]
84.5,67.0,96.5,7539f874-8bc5-4401-a5ee-423e02d30738,minecraft:wither_skeleton,true,Wither Skeleton,[null]
107.5,67.0,140.5,b263cb28-9f8e-43f2-8705-3ce24069e4f1,minecraft:skeleton,true,Skeleton,[null]
86.32903822869261,70.0,97.49984341680965,d4a0e8fa-c8c5-409e-845d-100decf936ab,minecraft:blaze,true,Blaze,[null]
85.67086007697324,70.0,97.5,6fea9bfb-9ad2-4145-ac6e-bb86e4c7fcb6,minecraft:blaze,true,Blaze,[null]
101.5,67.0,159.5,cdbf21af-bc93-4de5-a6e2-03420d3e683c,minecraft:wither_skeleton,true,Wither Skeleton,[null]
104.5,67.0,159.5,3744401f-d45d-49c9-b27a-6ac70c017a0a,minecraft:wither_skeleton,true,Wither Skeleton,[null]
