{
  "_fv": 66,
  "_type": "fluid",
  "definition": {
    "name": "Acid",
    "bucketName": "Acid Bucket",
    "textureStill": "acidstillingtexture",
    "textureFlowing": "acidflowingtexture",
    "tintType": "No tint",
    "canMultiply": false,
    "flowRate": 7,
    "levelDecrease": 1,
    "slopeFindDistance": 4,
    "spawnParticles": true,
    "dripParticle": {
      "value": "CRIT"
    },
    "flowStrength": 1.5,
    "luminosity": 2,
    "density": 2,
    "viscosity": 1000,
    "temperature": 1000,
    "type": "WATER",
    "generateBucket": true,
    "textureBucket": "",
    "creativeTabs": [
      {
        "value": "CUSTOM:Spooky"
      }
    ],
    "emptySound": {
      "value": "item.bucket.empty"
    },
    "rarity": "RARE",
    "specialInformation": {
      "fixedValue": []
    },
    "resistance": 100.0,
    "luminance": 0,
    "lightOpacity": 4,
    "emissiveRendering": true,
    "tickRate": 0,
    "flammability": 0,
    "fireSpreadSpeed": 0,
    "colorOnMap": "DEFAULT",
    "onEntityCollides": {
      "name": "AcidMobplayerCollidesBlock"
    }
  }
}