{
  "_fv": 66,
  "_type": "recipe",
  "definition": {
    "recipeType": "Brewing",
    "recipeRetstackSize": 1,
    "group": "",
    "cookingBookCategory": "MISC",
    "xpReward": 0.0,
    "cookingTime": 200,
    "craftingBookCategory": "MISC",
    "recipeShapeless": false,
    "brewingInputStack": {
      "value": "POTION:AWKWARD"
    },
    "brewingIngredientStack": {
      "value": "CUSTOM:Acid.bucket"
    },
    "brewingReturnStack": {
      "value": "POTION:CUSTOM:Acidpotion"
    },
    "name": "acidpotionrecipe",
    "namespace": "mod"
  }
}