{
  "_fv": 66,
  "_type": "structure",
  "definition": {
    "structure": "spookyportal",
    "projection": "rigid",
    "ignoredBlocks": [
      {
        "value": "Blocks.STRUCTURE_BLOCK"
      }
    ],
    "spacing": 10,
    "separation": 5,
    "restrictionBiomes": [
      {
        "value": "roofed_forest"
      },
      {
        "value": "forest"
      }
    ],
    "terrainAdaptation": "beard_thin",
    "generationStep": "SURFACE_STRUCTURES",
    "surfaceDetectionType": "WORLD_SURFACE_WG",
    "useStartHeight": false,
    "startHeightProviderType": "UNIFORM",
    "startHeightMin": 0,
    "startHeightMax": 128,
    "size": 1,
    "maxDistanceFromCenter": 64,
    "jigsawPools": []
  }
}