{
  "_fv": 66,
  "_type": "dimension",
  "definition": {
    "biomesInDimension": [
      {
        "value": "CUSTOM:Spookyworld"
      }
    ],
    "worldGenType": "End like gen",
    "mainFillerBlock": {
      "value": "CUSTOM:Spookyrack"
    },
    "fluidBlock": {
      "value": "CUSTOM:Acid"
    },
    "airColor": {
      "value": -15036902,
      "falpha": 0.0
    },
    "canRespawnHere": false,
    "hasFog": true,
    "isDark": false,
    "doesWaterVaporize": true,
    "sleepResult": "BED_EXPLODES",
    "hasSkyLight": false,
    "imitateOverworldBehaviour": false,
    "onPlayerEntersDimension": {
      "name": "SpookydimensionPlayerEntersDimension"
    },
    "portalFrame": {
      "value": "CUSTOM:Spookyframe"
    },
    "portalParticles": {
      "value": "CUSTOM:Portalpartice"
    },
    "portalLuminance": 15,
    "portalSound": {
      "value": "block.portal.ambient"
    },
    "enableIgniter": true,
    "igniterName": "Skull Igniter",
    "igniterRarity": "COMMON",
    "specialInformation": {
      "fixedValue": []
    },
    "creativeTabs": [
      {
        "value": "CUSTOM:Spooky"
      }
    ],
    "texture": "spookyigniter",
    "portalTexture": "portalspooky",
    "enablePortal": true
  }
}