{
  "credit": "Made with Blockbench",
  "elements": [
    {
      "from": [
        0,
        0,
        15
      ],
      "to": [
        16,
        16,
        15
      ],
      "rotation": {
        "angle": 0,
        "axis": "y",
        "origin": [
          0,
          0,
          15
        ]
      },
      "faces": {
        "north": {
          "uv": [
            0,
            0,
            16,
            16
          ],
          "texture": "#0"
        },
        "east": {
          "uv": [
            0,
            0,
            0,
            16
          ],
          "texture": "#missing"
        },
        "south": {
          "uv": [
            16,
            0,
            0,
            16
          ],
          "texture": "#0"
        },
        "west": {
          "uv": [
            0,
            0,
            0,
            16
          ],
          "texture": "#missing"
        },
        "up": {
          "uv": [
            0,
            0,
            16,
            0
          ],
          "texture": "#missing"
        },
        "down": {
          "uv": [
            0,
            0,
            16,
            0
          ],
          "texture": "#missing"
        }
      }
    }
  ]
}