{
  "_fv": 69,
  "_type": "structure",
  "definition": {
    "structure": "temporarychurch",
    "projection": "rigid",
    "ignoredBlocks": [
      {
        "value": "Blocks.STRUCTURE_BLOCK"
      }
    ],
    "spacing": 5,
    "separation": 2,
    "restrictionBiomes": [
      {
        "value": "CUSTOM:Spookyworld"
      }
    ],
    "terrainAdaptation": "beard_thin",
    "generationStep": "SURFACE_STRUCTURES",
    "surfaceDetectionType": "WORLD_SURFACE_WG",
    "useStartHeight": false,
    "startHeightProviderType": "UNIFORM",
    "startHeightMin": 0,
    "startHeightMax": 128,
    "size": 1,
    "maxDistanceFromCenter": 64,
    "jigsawPools": [
      {
        "poolName": "dungeon",
        "fallbackPool": "",
        "poolParts": [
          {
            "weight": 1,
            "structure": "temporarychurch",
            "projection": "rigid",
            "ignoredBlocks": [
              {
                "value": "Blocks.STRUCTURE_BLOCK"
              }
            ]
          }
        ]
      }
    ]
  }
}