{
  "_fv": 69,
  "_type": "structure",
  "definition": {
    "structure": "bossarena",
    "projection": "rigid",
    "ignoredBlocks": [
      {
        "value": "Blocks.STRUCTURE_BLOCK"
      }
    ],
    "spacing": 30,
    "separation": 29,
    "restrictionBiomes": [
      {
        "value": "CUSTOM:Spookyworld"
      }
    ],
    "terrainAdaptation": "beard_thin",
    "generationStep": "SURFACE_STRUCTURES",
    "surfaceDetectionType": "WORLD_SURFACE",
    "useStartHeight": false,
    "startHeightProviderType": "UNIFORM",
    "startHeightMin": 0,
    "startHeightMax": 128,
    "size": 20,
    "maxDistanceFromCenter": 116,
    "jigsawPools": [
      {
        "poolName": "dungeon",
        "fallbackPool": "atrox:dungeonjigsaw_dungeon",
        "poolParts": [
          {
            "weight": 10,
            "structure": "dungeonway",
            "projection": "rigid",
            "ignoredBlocks": []
          },
          {
            "weight": 5,
            "structure": "dungeonlcorner",
            "projection": "rigid",
            "ignoredBlocks": []
          },
          {
            "weight": 5,
            "structure": "dungeonrcorner",
            "projection": "rigid",
            "ignoredBlocks": []
          },
          {
            "weight": 7,
            "structure": "shortlcorner",
            "projection": "rigid",
            "ignoredBlocks": []
          },
          {
            "weight": 7,
            "structure": "shortrcorner",
            "projection": "rigid",
            "ignoredBlocks": []
          },
          {
            "weight": 10,
            "structure": "downway",
            "projection": "rigid",
            "ignoredBlocks": []
          },
          {
            "weight": 5,
            "structure": "upway",
            "projection": "rigid",
            "ignoredBlocks": []
          },
          {
            "weight": 5,
            "structure": "halfway",
            "projection": "rigid",
            "ignoredBlocks": []
          },
          {
            "weight": 15,
            "structure": "dungeonend",
            "projection": "rigid",
            "ignoredBlocks": []
          },
          {
            "weight": 10,
            "structure": "staircasedown",
            "projection": "rigid",
            "ignoredBlocks": []
          },
          {
            "weight": 10,
            "structure": "staircasedownmirror",
            "projection": "rigid",
            "ignoredBlocks": []
          },
          {
            "weight": 10,
            "structure": "openroom",
            "projection": "rigid",
            "ignoredBlocks": []
          },
          {
            "weight": 10,
            "structure": "trappedopenroom",
            "projection": "rigid",
            "ignoredBlocks": []
          },
          {
            "weight": 8,
            "structure": "trappeddungeonway",
            "projection": "rigid",
            "ignoredBlocks": []
          },
          {
            "weight": 3,
            "structure": "trappeddungeonlcorner",
            "projection": "rigid",
            "ignoredBlocks": []
          },
          {
            "weight": 3,
            "structure": "trappeddungeonrcorner",
            "projection": "rigid",
            "ignoredBlocks": []
          },
          {
            "weight": 5,
            "structure": "trappedshortlcorner",
            "projection": "rigid",
            "ignoredBlocks": []
          },
          {
            "weight": 5,
            "structure": "trappedshortrcorner",
            "projection": "rigid",
            "ignoredBlocks": []
          },
          {
            "weight": 8,
            "structure": "trappeddownway",
            "projection": "rigid",
            "ignoredBlocks": []
          },
          {
            "weight": 3,
            "structure": "trappedhalfway",
            "projection": "rigid",
            "ignoredBlocks": []
          },
          {
            "weight": 3,
            "structure": "trappedupway",
            "projection": "rigid",
            "ignoredBlocks": []
          },
          {
            "weight": 13,
            "structure": "trappeddungeonend",
            "projection": "rigid",
            "ignoredBlocks": []
          },
          {
            "weight": 8,
            "structure": "trappedstaircasedown",
            "projection": "rigid",
            "ignoredBlocks": []
          },
          {
            "weight": 8,
            "structure": "trappedstaircasedownmirror",
            "projection": "rigid",
            "ignoredBlocks": []
          }
        ]
      }
    ]
  }
}