{
  "_fv": 69,
  "_type": "achievement",
  "definition": {
    "achievementName": "#OfficallyHaunted",
    "achievementDescription": "Obtain and Equip the Spooky Bauble",
    "achievementIcon": {
      "value": "CUSTOM:Ghostbauble"
    },
    "background": "Default",
    "disableDisplay": false,
    "showPopup": true,
    "announceToChat": true,
    "hideIfNotCompleted": false,
    "rewardLoot": [],
    "rewardRecipes": [],
    "rewardFunction": "No function",
    "rewardXP": 1,
    "achievementType": "goal",
    "parent": {
      "value": "CUSTOM:Advancements"
    },
    "triggerxml": "<xml xmlns=\"https://developers.google.com/blockly/xml\"><block type=\"advancement_trigger\" deletable=\"false\" x=\"40\" y=\"80\"><next><block type=\"custom_trigger\"></block></next></block></xml>"
  }
}