{
  "_fv": 69,
  "_type": "curiosbauble",
  "definition": {
    "renderType": 0,
    "texture": "ghost_bauble",
    "customModelName": "Normal",
    "name": "Spooky Charm",
    "rarity": "UNCOMMON",
    "slotType": "CHARM",
    "baubleModel": "Default",
    "baubleModelTexture": "",
    "creativeTab": {
      "value": "CUSTOM:Spooky"
    },
    "stackSize": 1,
    "enchantability": 0,
    "useDuration": 0,
    "toolType": 1.0,
    "damageCount": 0,
    "recipeRemainder": {
      "value": ""
    },
    "destroyAnyBlock": false,
    "immuneToFire": false,
    "stayInGridWhenCrafting": false,
    "damageOnCrafting": false,
    "enableMeleeDamage": false,
    "addSlot": true,
    "damageVsEntity": 0.0,
    "specialInformation": {
      "fixedValue": []
    },
    "hasGlow": false,
    "customProperties": {},
    "states": [],
    "guiBoundTo": "<NONE>",
    "inventorySize": 9,
    "inventoryStackSize": 64,
    "slotAmount": 1,
    "curioTick": {
      "name": "GhostbaubleWhileBaubleIsEquippedTick"
    },
    "onEquip": {
      "name": "GhostbaubleBaubleIsEquipped"
    },
    "isFood": false,
    "friendlyPigs": true,
    "enderMask": true,
    "rotateModel": false,
    "translateModel": false,
    "nutritionalValue": 4,
    "saturation": 0.3,
    "eatResultItem": {
      "value": ""
    },
    "isMeat": false,
    "isAlwaysEdible": false,
    "hasModel": false,
    "animation": "none"
  }
}