{
  "_fv": 69,
  "_type": "armor",
  "definition": {
    "enableHelmet": true,
    "textureHelmet": "slinkstonearmor_head",
    "enableBody": true,
    "textureBody": "slinkstonearmor_body",
    "enableLeggings": true,
    "textureLeggings": "slinkstonearmor_leggings",
    "enableBoots": true,
    "textureBoots": "slinkstonearmor_boots",
    "creativeTabs": [
      {
        "value": "COMBAT"
      },
      {
        "value": "CUSTOM:Spooky"
      }
    ],
    "armorTextureFile": "slinkstonearmor",
    "helmetName": "Slinkstone Helmet",
    "bodyName": "Slinkstone Chestplate",
    "leggingsName": "Slinkstone Leggings",
    "bootsName": "Slinkstone Boots",
    "helmetSpecialInformation": {
      "fixedValue": []
    },
    "bodySpecialInformation": {
      "fixedValue": []
    },
    "leggingsSpecialInformation": {
      "fixedValue": []
    },
    "bootsSpecialInformation": {
      "fixedValue": []
    },
    "helmetModelName": "Default",
    "helmetModelPart": "Helmet",
    "helmetModelTexture": "From armor",
    "bodyModelName": "Default",
    "bodyModelPart": "Body",
    "armsModelPartL": "Arms L",
    "armsModelPartR": "Arms R",
    "bodyModelTexture": "From armor",
    "leggingsModelName": "Default",
    "leggingsModelPartL": "Leggings L",
    "leggingsModelPartR": "Leggings R",
    "leggingsModelTexture": "From armor",
    "bootsModelName": "Default",
    "bootsModelPartL": "Boots L",
    "bootsModelPartR": "Boots R",
    "bootsModelTexture": "From armor",
    "helmetItemRenderType": 0,
    "helmetItemCustomModelName": "Normal",
    "bodyItemRenderType": 0,
    "bodyItemCustomModelName": "Normal",
    "leggingsItemRenderType": 0,
    "leggingsItemCustomModelName": "Normal",
    "bootsItemRenderType": 0,
    "bootsItemCustomModelName": "Normal",
    "helmetImmuneToFire": true,
    "bodyImmuneToFire": true,
    "leggingsImmuneToFire": true,
    "bootsImmuneToFire": true,
    "helmetGlowCondition": {
      "fixedValue": false
    },
    "bodyGlowCondition": {
      "fixedValue": false
    },
    "leggingsGlowCondition": {
      "fixedValue": false
    },
    "bootsGlowCondition": {
      "fixedValue": false
    },
    "helmetPiglinNeutral": {
      "fixedValue": false
    },
    "bodyPiglinNeutral": {
      "fixedValue": false
    },
    "leggingsPiglinNeutral": {
      "fixedValue": false
    },
    "bootsPiglinNeutral": {
      "fixedValue": false
    },
    "maxDamage": 23,
    "damageValueHelmet": 3,
    "damageValueBody": 9,
    "damageValueLeggings": 8,
    "damageValueBoots": 3,
    "enchantability": 14,
    "toughness": 0.0,
    "knockbackResistance": 0.0,
    "equipSound": {
      "value": ""
    },
    "repairItems": [
      {
        "value": "CUSTOM:Slinkstone"
      }
    ]
  }
}