{
  "_fv": 69,
  "_type": "recipe",
  "definition": {
    "recipeType": "Crafting",
    "recipeRetstackSize": 2,
    "group": "",
    "cookingBookCategory": "MISC",
    "xpReward": 0.0,
    "cookingTime": 200,
    "craftingBookCategory": "MISC",
    "recipeShapeless": false,
    "recipeSlots": [
      {
        "value": "CUSTOM:Spookyrack"
      },
      {
        "value": "CUSTOM:Spookyrack"
      },
      {
        "value": "CUSTOM:Spookyrack"
      },
      {
        "value": "CUSTOM:Slinkstone"
      },
      {
        "value": "CUSTOM:Slinkstone"
      },
      {
        "value": "CUSTOM:Slinkstone"
      },
      {
        "value": "CUSTOM:Spookyrack"
      },
      {
        "value": "CUSTOM:Spookyrack"
      },
      {
        "value": "CUSTOM:Spookyrack"
      }
    ],
    "recipeReturnStack": {
      "value": "CUSTOM:Spookyframe"
    },
    "name": "spookyframerecipe",
    "namespace": "mod"
  }
}