{
  "_fv": 69,
  "_type": "recipe",
  "definition": {
    "recipeType": "Crafting",
    "recipeRetstackSize": 1,
    "group": "",
    "cookingBookCategory": "MISC",
    "xpReward": 0.0,
    "cookingTime": 200,
    "craftingBookCategory": "MISC",
    "recipeShapeless": true,
    "recipeSlots": [
      {
        "value": ""
      },
      {
        "value": ""
      },
      {
        "value": ""
      },
      {
        "value": ""
      },
      {
        "value": ""
      },
      {
        "value": ""
      },
      {
        "value": ""
      },
      {
        "value": "CUSTOM:SpookstoneDust"
      },
      {
        "value": "CUSTOM:SpookstoneDust"
      }
    ],
    "recipeReturnStack": {
      "value": "CUSTOM:SpookstoneSlab"
    },
    "name": "spookstoneslabrecipe",
    "namespace": "mod"
  }
}