{
  "_fv": 69,
  "_type": "recipe",
  "definition": {
    "recipeType": "Crafting",
    "recipeRetstackSize": 4,
    "group": "wooden_stairs",
    "cookingBookCategory": "MISC",
    "xpReward": 0.0,
    "cookingTime": 200,
    "craftingBookCategory": "BUILDING",
    "recipeShapeless": false,
    "recipeSlots": [
      {
        "value": "CUSTOM:SpookywoodPlanks"
      },
      {
        "value": ""
      },
      {
        "value": ""
      },
      {
        "value": "CUSTOM:SpookywoodPlanks"
      },
      {
        "value": "CUSTOM:SpookywoodPlanks"
      },
      {
        "value": ""
      },
      {
        "value": "CUSTOM:SpookywoodPlanks"
      },
      {
        "value": "CUSTOM:SpookywoodPlanks"
      },
      {
        "value": "CUSTOM:SpookywoodPlanks"
      }
    ],
    "recipeReturnStack": {
      "value": "CUSTOM:SpookywoodStairs"
    },
    "name": "spookywood_stairs_recipe",
    "namespace": "mod"
  }
}