{
  "_fv": 69,
  "_type": "recipe",
  "definition": {
    "recipeType": "Crafting",
    "recipeRetstackSize": 1,
    "group": "",
    "cookingBookCategory": "MISC",
    "xpReward": 0.0,
    "cookingTime": 200,
    "craftingBookCategory": "REDSTONE",
    "recipeShapeless": true,
    "recipeSlots": [
      {
        "value": ""
      },
      {
        "value": ""
      },
      {
        "value": ""
      },
      {
        "value": ""
      },
      {
        "value": "Blocks.STONE_PRESSURE_PLATE"
      },
      {
        "value": ""
      },
      {
        "value": ""
      },
      {
        "value": "Blocks.TNT"
      },
      {
        "value": ""
      }
    ],
    "recipeReturnStack": {
      "value": "CUSTOM:Playerplate"
    },
    "name": "trappedstonepressureplaterecipe",
    "namespace": "mod"
  }
}