{
  "type": "minecraft:tree",
  "config": {
    "force_dirt": false,
    "ignore_vines": true,
    "minimum_size": {
      "type": "minecraft:two_layers_feature_size",
      "limit": 1,
      "lower_size": 1,
      "upper_size": 2
    },
    "dirt_provider": {
      "type": "minecraft:simple_state_provider",
      "state": {
        "Name": "atrox:spookyrack"
      }
    },
    "trunk_provider": {
      "type": "minecraft:simple_state_provider",
      "state": {
        "Name": "atrox:spookywood_wood",
        "Properties": {
          "axis": "y"
        }
      }
    },
    "foliage_provider": {
      "type": "minecraft:simple_state_provider",
      "state": {
        "Name": "atrox:spookyleaves",
        "Properties": {
          "distance": "7",
          "persistent": "false",
          "waterlogged": "false"
        }
      }
    },
    "trunk_placer": {
      "type": "minecraft:mega_jungle_trunk_placer",
      "base_height": 7,
      "height_rand_a": 2,
      "height_rand_b": 19
    },
    "foliage_placer": {
      "type": "minecraft:jungle_foliage_placer",
      "radius": 2,
      "offset": 0,
      "height": 2
    },
    "decorators": [
      {
        "type": "atrox:spookyworld_tree_fruit_decorator"
      },
      {
        "type": "atrox:spookyworld_tree_trunk_decorator"
      },
      {
        "type": "atrox:spookyworld_tree_leave_decorator"
      }
    ]
  }
}