x,y,z,type
-53,-20,114,minecraft:mob_spawner
-10,30,125,minecraft:mob_spawner
-57,-49,147,minecraft:mob_spawner
-20,-39,161,minecraft:mob_spawner
-62,1,2,minecraft:mob_spawner
-82,20,180,minecraft:mob_spawner
-124,86,204,minecraft:mob_spawner
-146,70,80,minecraft:bell
-158,69,60,minecraft:bell
-45,-50,216,minecraft:mob_spawner
33,-53,216,minecraft:sculk_sensor
-172,40,55,minecraft:mob_spawner
-46,-47,235,minecraft:mob_spawner
-28,-49,225,minecraft:sculk_sensor
103,-33,131,minecraft:mob_spawner
-191,10,196,minecraft:mob_spawner
-206,70,120,minecraft:mob_spawner
-196,-4,120,minecraft:mob_spawner
143,11,206,minecraft:mob_spawner
-214,41,66,minecraft:furnace
-214,40,66,minecraft:furnace
154,10,185,minecraft:mob_spawner
-230,-40,35,minecraft:mob_spawner
146,-38,118,minecraft:mob_spawner
173,24,77,minecraft:mob_spawner
-247,-10,-83,minecraft:mob_spawner
182,30,-46,minecraft:mob_spawner
-272,-7,88,minecraft:mob_spawner
-134,-32,322,minecraft:mob_spawner
