x,y,z,visibility,load_status,entity_count
-1,7,14,TICKING,LOADED,1
-3,-1,11,TICKING,LOADED,1
-5,4,9,TICKING,LOADED,1
6,4,15,TRACKED,LOADED,3
0,0,8,TICKING,LOADED,4
0,1,8,TICKING,LOADED,2
0,4,8,TICKING,LOADED,2
-9,4,0,TICKING,LOADED,2
-2,0,5,TICKING,LOADED,2
-6,-2,8,TICKING,LOADED,1
-6,-2,4,TICKING,LOADED,1
-4,2,11,TICKING,LOADED,1
-4,-2,11,TICKING,LOADED,1
3,0,7,TICKING,LOADED,1
-7,1,2,TICKING,LOADED,1
-12,0,9,TICKING,LOADED,1
-11,0,10,TICKING,LOADED,1
-1,7,13,TICKING,LOADED,1
-2,3,3,TICKING,LOADED,3
-3,1,6,TICKING,LOADED,1
-3,-1,6,TICKING,LOADED,2
-13,0,11,TRACKED,LOADED,1
0,3,3,TICKING,LOADED,9
2,4,4,TICKING,LOADED,1
2,4,15,TRACKED,LOADED,1
0,7,13,TICKING,LOADED,4
-3,5,10,TICKING,LOADED,2
-3,-1,10,TICKING,LOADED,1
-2,0,8,TICKING,LOADED,2
-10,6,11,TICKING,LOADED,2
-11,4,1,TICKING,LOADED,1
0,6,11,TICKING,LOADED,2
7,4,11,TRACKED,LOADED,4
-10,4,3,TICKING,LOADED,4
-4,4,7,TICKING,LOADED,1
-1,0,4,TICKING,LOADED,2
-1,3,4,TICKING,LOADED,2
-1,-1,4,TICKING,LOADED,1
-7,1,5,TICKING,LOADED,1
-7,2,5,TICKING,LOADED,1
-7,3,5,TICKING,LOADED,1
-7,-2,5,TICKING,LOADED,3
-7,-1,5,TICKING,LOADED,1
-2,-1,0,TICKING,LOADED,2
-3,7,15,TRACKED,LOADED,4
-13,4,-4,TRACKED,LOADED,4
-7,-2,7,TICKING,LOADED,1
-9,1,8,TICKING,LOADED,3
-10,4,1,TICKING,LOADED,1
-11,4,4,TICKING,LOADED,1
1,-1,8,TICKING,LOADED,1
1,3,3,TICKING,LOADED,2
3,4,4,TICKING,LOADED,1
-1,1,7,TICKING,LOADED,1
-13,0,9,TRACKED,LOADED,2
-3,-1,5,TICKING,LOADED,1
-8,1,2,TICKING,LOADED,1
-11,4,-4,TICKING,LOADED,3
6,4,16,TRACKED,LOADED,1
1,4,6,TICKING,LOADED,1
-7,0,6,TICKING,LOADED,1
-7,1,6,TICKING,LOADED,1
-7,0,1,TICKING,LOADED,2
2,3,9,TICKING,LOADED,1
-2,0,9,TICKING,LOADED,1
-2,5,9,TICKING,LOADED,1
0,0,7,TICKING,LOADED,1
0,1,7,TICKING,LOADED,1
0,4,7,TICKING,LOADED,1
-1,4,12,TICKING,LOADED,1
-1,7,12,TICKING,LOADED,2
-6,3,5,TICKING,LOADED,1
-10,4,5,TICKING,LOADED,2
-10,4,2,TICKING,LOADED,4
-5,4,8,TICKING,LOADED,1
-12,5,8,TICKING,LOADED,1
-5,0,4,TICKING,LOADED,1
-5,-3,4,TICKING,LOADED,1
1,4,16,TRACKED,LOADED,1
-13,4,4,TRACKED,LOADED,1
8,0,8,TRACKED,LOADED,2
2,4,5,TICKING,LOADED,1
-14,6,15,TRACKED,LOADED,1
0,7,12,TICKING,LOADED,1
-7,1,3,TICKING,LOADED,1
6,4,7,TICKING,LOADED,1
-1,0,2,TICKING,LOADED,2
-1,3,2,TICKING,LOADED,2
-2,7,12,TICKING,LOADED,1
-10,1,7,TICKING,LOADED,2
-9,4,2,TICKING,LOADED,2
7,4,9,TRACKED,LOADED,1
-10,7,12,TICKING,LOADED,1
-3,7,13,TICKING,LOADED,1
-4,-2,4,TICKING,LOADED,1
-4,4,8,TICKING,LOADED,1
-2,4,7,TICKING,LOADED,1
-5,2,5,TICKING,LOADED,1
2,4,16,TRACKED,LOADED,2
-13,4,3,TRACKED,LOADED,1
2,4,6,TICKING,LOADED,2
-9,0,7,TICKING,LOADED,1
6,4,8,TICKING,LOADED,2
-9,0,15,TRACKED,LOADED,1
-6,0,1,TICKING,LOADED,2
-1,4,11,TICKING,LOADED,2
-1,7,11,TICKING,LOADED,1
-14,5,6,TRACKED,LOADED,1
-10,0,15,TRACKED,LOADED,1
1,-1,7,TICKING,LOADED,1
-11,4,-1,TICKING,LOADED,1
-11,4,3,TICKING,LOADED,1
-5,-1,10,TICKING,LOADED,1
-6,4,6,TICKING,LOADED,1
-6,-3,6,TICKING,LOADED,1
-6,-1,6,TICKING,LOADED,1
-8,1,5,TICKING,LOADED,1
-13,0,8,TRACKED,LOADED,1
-13,4,-2,TRACKED,LOADED,4
-7,1,4,TICKING,LOADED,2
-7,-3,4,TICKING,LOADED,1
-7,-2,4,TICKING,LOADED,1
0,0,10,TICKING,LOADED,1
-1,4,8,TICKING,LOADED,4
-1,-1,8,TICKING,LOADED,3
-2,7,11,TICKING,LOADED,1
-3,4,7,TICKING,LOADED,2
-1,0,3,TICKING,LOADED,1
-1,3,3,TICKING,LOADED,8
-10,1,8,TICKING,LOADED,3
5,4,8,TICKING,LOADED,1
5,4,7,TICKING,LOADED,1
3,0,6,TICKING,LOADED,1
3,4,6,TICKING,LOADED,1
-4,-2,10,TICKING,LOADED,1
-2,3,1,TICKING,LOADED,1
-2,-1,1,TICKING,LOADED,1
-7,-2,8,TICKING,LOADED,1
-5,-3,7,TICKING,LOADED,1
-12,0,11,TICKING,LOADED,1
-13,4,5,TRACKED,LOADED,1
0,4,9,TICKING,LOADED,4
-1,0,5,TICKING,LOADED,2
-1,4,5,TICKING,LOADED,1
-1,-1,5,TICKING,LOADED,1
6,4,6,TICKING,LOADED,2
-5,0,6,TICKING,LOADED,1
-5,4,6,TICKING,LOADED,1
-14,5,4,TRACKED,LOADED,3
1,2,-1,TICKING,LOADED,1
-12,7,15,TRACKED,LOADED,4
3,4,3,TICKING,LOADED,1
-8,4,3,TICKING,LOADED,1
-9,4,5,TICKING,LOADED,2
-3,4,4,TICKING,LOADED,2
-12,4,-4,TICKING,LOADED,1
-4,7,13,TICKING,LOADED,1
-2,5,10,TICKING,LOADED,1
-3,4,9,TICKING,LOADED,1
-9,4,10,TICKING,LOADED,1
8,2,4,TRACKED,LOADED,1
-2,-1,2,TICKING,LOADED,1
