x,y,z,uuid,type,alive,display_name,custom_name
-43.76364133924101,20.0,97.69261511909335,35437e93-29bd-4db1-bb19-a30ba123669c,minecraft:spider,true,Spider,[null]
-24.722592760686254,75.0,114.62619774475081,9e107a12-97d6-48ec-96e5-e96872fcf916,minecraft:pig,true,Pig,[null]
-40.30000001192093,-8.0,85.30000001192093,c024be9e-a583-4feb-af60-fd4469769dd3,minecraft:spider,true,Spider,[null]
-37.47149600448754,-7.0,106.49980421636037,872704af-c369-420b-95cd-e584db9e87cd,minecraft:skeleton,true,Skeleton,[null]
-39.21841741277367,-7.0,109.09278067862267,2d3610cb-3279-4703-804b-a70b0c2bbe5b,minecraft:skeleton,true,Skeleton,[null]
-32.28288035140692,71.0,73.18368359336861,af228fba-f666-4eab-bc1f-3a64e652edd3,minecraft:pig,true,Pig,[null]
-40.48373822275506,74.0,71.13979671362567,cdebeb90-f58e-4afb-8d07-db40d32a2d85,minecraft:pig,true,Pig,[null]
-61.510793766025714,-19.0,70.45479761615303,5bf2fef1-9567-464d-9794-8aee82ce4f80,minecraft:creeper,true,Creeper,[null]
-13.00029770970354,-16.0,77.49257442428285,0dc7bd0d-dd8e-460c-b739-dde8727d3d2c,minecraft:skeleton,true,Skeleton,[null]
-1.505193886761789,8.0,95.50975154311432,ec6297f7-4a77-4850-b9c5-15a19d800325,minecraft:creeper,true,Creeper,[null]
-1.0161547870134022,11.0,88.1250512456188,63ed9eb7-28d3-4e6b-990f-b36fe904dd88,minecraft:creeper,true,Creeper,[null]
-3.366728001091727,76.0,92.63477747638403,852e3037-895e-4500-949d-c07bbea71f6b,minecraft:pig,true,Pig,[null]
-14.500098082034267,-14.0,87.55983581001128,727b7d14-b704-413c-a49b-dd2f6fde0037,minecraft:skeleton,true,Skeleton,[null]
-46.44999998807907,73.0,113.62065022504642,29ad7b95-3be4-485c-abbd-90f8d12809f4,minecraft:pig,true,Pig,[null]
-49.73715353824384,75.0,121.12152614355506,8514bbff-c18e-4562-a3e1-46d03183c752,minecraft:pig,true,Pig,[null]
-8.5,28.0,113.5,f25744c4-83c0-42cb-ae0b-e18662988d4d,minecraft:creeper,true,Creeper,[null]
-67.08366444068965,13.0,105.98456194199785,5bb16c90-acc4-4527-a2e6-2a74e9e54604,minecraft:bat,true,Bat,[null]
-75.33420679839888,70.0,98.57379428854208,61d588b2-a4cc-4994-abaf-76464965b13e,minecraft:pig,true,Pig,[null]
-75.4620297085169,47.0,81.49301902532316,0ba76b10-6674-429a-8c8d-66675fde4dcb,minecraft:skeleton,true,Skeleton,[null]
-74.49963576444176,7.0,69.46586258599083,3d525d72-3a84-4c2b-8169-54aeab3ce6f4,minecraft:creeper,true,Creeper,[null]
-7.387767203617841,0.3161757015623152,49.01060254499316,63652a2d-7c2e-485e-af4f-541c619fec92,minecraft:glow_squid,true,Glow Squid,[null]
3.3886588785776977,57.48851155598017,58.39934983386249,6ac562f4-6735-4c51-b869-53785c0eb8c8,minecraft:cod,true,Cod,[null]
-12.064937113735152,61.758858234430534,55.44142705515138,86aea047-2485-4387-b555-b419860418d9,minecraft:cod,true,Cod,[null]
3.5905413621243794,57.518053511257385,59.60070623610097,efe57f11-a5ac-4185-be66-dd8e858c4c87,minecraft:cod,true,Cod,[null]
3.9635065678745636,57.99015776226908,60.13877371208452,b3813301-0f48-46a2-ba93-df44dfab3ccd,minecraft:cod,true,Cod,[null]
-13.466124267955482,62.76262159188719,55.7610999816995,60a80153-15d3-4586-8519-672c55d4c6b4,minecraft:cod,true,Cod,[null]
-73.39712429492454,69.0,142.5242335175895,c746fb2f-8f0c-431c-b135-7e31c8abfd3c,minecraft:cow,true,Cow,[null]
2.9711283809183486,57.5257042660323,59.897187684896714,c244f2d3-0e3c-40b2-9e72-e1b85a32e7fc,minecraft:cod,true,Cod,[null]
10.762714678960828,74.0,135.44966779277598,db64b25d-cea2-4694-aced-f3c7901d93bc,minecraft:cow,true,Cow,[null]
4.955015721082674,75.0,121.27777570223941,72136a3d-47c0-40be-a6eb-1d74f7cad2d6,minecraft:cow,true,Cow,[null]
-62.36435946305218,71.0,136.56346314461976,2a39ad7a-82db-48a1-adfc-3d62d45e8c58,minecraft:pig,true,Pig,[null]
-46.89807441378477,77.0,125.73129988773672,8e0e05c5-4971-44c2-82d9-9f577fdadd69,minecraft:pig,true,Pig,[null]
-5.294432292977962,78.0,140.65302932804343,2b820bf8-d6e2-41ab-8402-9140bfa6dd51,minecraft:item,true,Wheat Seeds,[null]
-2.972053920322582,77.0,138.42651672042012,32285fdd-fc26-4834-aa36-ab52c5f68e95,minecraft:item,true,Dandelion,[null]
-0.4772842321463072,77.0,143.01501178089956,293ff325-1104-474d-8cd8-6ecb84eaa768,minecraft:item,true,Dandelion,[null]
-0.6528349782853377,77.0,142.22929805127987,1ead19cd-22f2-45d4-986b-5bd8e6de0ece,minecraft:item,true,Wheat Seeds,[null]
-4.5,-16.0,129.5,249b2660-7ff9-4b79-9909-0674a661aac9,minecraft:creeper,true,Creeper,[null]
-3.8487875305361587,-15.0,133.35452639170006,9e367c93-6ae7-48ba-9abf-523942de2363,minecraft:creeper,true,Creeper,[null]
10.531462629914733,10.0,135.47442966018198,4afacde1-4318-4a67-bd14-ba72866228f1,minecraft:skeleton,true,Skeleton,[null]
14.501895832975784,15.0,140.08168601735278,c790c8f1-15dd-4d87-ac5a-a27c8588e8f2,minecraft:zombie,true,Zombie,[null]
1.500902844839758,15.0,134.1392888348921,5c915cc6-b805-411a-abe2-503de1671db5,minecraft:zombie,true,Zombie,[null]
1.4996690547807199,14.0,123.53298634282017,4c290974-c0ea-4216-93c1-a1bff8f9d8ab,minecraft:zombie,true,Zombie,[null]
12.495381996915379,10.0,134.26360952800601,9cf1fafc-8825-4312-bb34-adf7d5fed9ec,minecraft:zombie,true,Zombie,[null]
5.5,28.0,136.5,e4777292-10b0-4126-8011-5cdb84becf9f,minecraft:creeper,true,Creeper,[null]
15.506670772945169,16.0,127.30000001192093,afbbebab-bf94-4854-b01b-37833e85eb24,minecraft:zombie,true,Zombie,[null]
15.499931735758143,16.0,128.05063759529423,ac49092e-1696-42b5-9b33-5764a420df34,minecraft:zombie,true,Zombie,[null]
0.23564463915695913,76.0,134.50910623152606,75a0a301-b8ac-4ee5-823c-200b20ec5196,minecraft:cow,true,Cow,[null]
-3.5397524194061325,-16.0,132.42267487968192,b8bcb28e-eba6-4bc6-aa68-25d9fdff7963,minecraft:creeper,true,Creeper,[null]
18.515576224369397,-7.0,142.55733030510356,e7e34b0f-37af-49de-80ff-203a8eb581ab,minecraft:skeleton,true,Skeleton,[null]
-82.12188317445744,68.0,99.52407205051067,a5335d14-3736-4d5f-81b3-1af40c51c68d,minecraft:pig,true,Pig,[null]
-95.5,-1.0,98.5,d2a1c3d3-afdb-46fa-ad71-ee84df8117af,minecraft:zombie,true,Zombie,[null]
-105.20543822950503,-7.364879355964658,89.79599559659007,d7a4677f-84b4-4ccc-8d4c-a47acd8b9826,minecraft:bat,true,Bat,[null]
-87.39107949451376,48.0,93.86796044951825,a827a8fe-6366-4186-aeac-bde82378005c,minecraft:creeper,true,Creeper,[null]
-14.599999994039536,2.05714996997267,38.61169707937299,d1b9e69b-9ef4-4f31-92af-d66c0e6f7e01,minecraft:glow_squid,true,Glow Squid,[null]
-14.599999994039536,1.5085643406491727,42.400000005960464,40a5a495-d48d-4c76-b5af-d5f401c9f869,minecraft:glow_squid,true,Glow Squid,[null]
-10.179534877184778,49.645128469215706,38.8982771448791,2f7b133d-3776-4c06-8baa-cb9a364395f1,minecraft:squid,true,Squid,[null]
-14.369983756449074,49.93611339968629,37.2714977292344,0ed7d097-fc29-4606-aa1e-22bc61633467,minecraft:squid,true,Squid,[null]
-74.44999998807907,71.0,151.52358879663618,de185711-db8d-41ae-92da-82667e64094f,minecraft:cow,true,Cow,[null]
20.29077605388673,54.15120471571572,58.340031208380715,66dda358-38ea-4595-9095-cec123397b67,minecraft:squid,true,Squid,[null]
30.744332331465557,52.82683128956705,61.80282725347206,d947dcab-e0b9-4c8f-8c5d-4719cef7ad85,minecraft:squid,true,Squid,[null]
29.270650149106785,75.0,103.94632486046748,464058e2-7e32-42af-9996-1025547a16f3,minecraft:sheep,true,Sheep,[null]
18.332870248597697,-16.0,123.33287024859771,bc8c745e-8ab5-4d42-843a-02bbccf3a377,minecraft:zombie_villager,true,Zombie Villager,[null]
-99.94254129918531,-17.0,112.45606636617636,d397652d-3660-4c82-b6e9-101c90ac4b12,minecraft:skeleton,true,Skeleton,[null]
-104.49837422903484,15.0,105.4987078314101,bccbc04f-066a-4bad-bee1-b7cca1ae0778,minecraft:zombie,true,Zombie,[null]
-110.09660981899164,48.10000002384186,89.75815448397803,0039db4a-06be-462d-afc3-303898c20d49,minecraft:bat,true,Bat,[null]
-109.49781916951271,23.0,99.53083942698645,e817d6b5-c89f-4e0e-ba0a-84cc93d0e3b0,minecraft:creeper,true,Creeper,[null]
-97.5,18.0,83.5,2e87dd00-8e9c-4c61-aeeb-8a959fe3b931,minecraft:skeleton,true,Skeleton,[null]
-108.25,47.10000002384186,88.56640130232802,4a8044aa-e1d0-491a-bef5-742b33b99098,minecraft:bat,true,Bat,[null]
-104.94282065598348,-27.0,92.49534109955604,4dd2a643-4ad0-4fa8-ab6b-4ba41dc23463,minecraft:skeleton,true,Skeleton,[null]
-96.5,16.0,65.5,95b3d0b0-0585-46be-977d-5dea1270d434,minecraft:creeper,true,Creeper,[null]
-98.30000001192093,16.0,66.19337895459803,1cb78f0b-af51-4da8-9269-2d62cf67a86f,minecraft:skeleton,true,Skeleton,[null]
-106.5,20.0,55.5,861a2159-306c-4183-9998-f3bb406ac61c,minecraft:skeleton,true,Skeleton,[null]
-102.57040785253099,22.0,45.757248262984355,8f6b5f20-906f-40fc-9571-e1fba9513bd2,minecraft:creeper,true,Creeper,[null]
-36.44997500336045,70.0,147.49875016623955,b11e0c35-a6cf-4889-9f08-54b366fa1697,minecraft:skeleton,true,Skeleton,[null]
-40.40502604903627,88.0,167.55000001192093,2faf2d60-02e8-4e43-80c5-3f877cf5ae20,minecraft:cow,true,Cow,[null]
-22.485773157072888,80.0,152.5878605407853,5c25434f-7bc4-4821-8411-3ebb5d70e8e0,minecraft:cow,true,Cow,[null]
-17.884002254411918,51.6358431535773,31.674173743852567,66dfa54f-0664-4b90-96aa-4422a3bd7c11,minecraft:squid,true,Squid,[null]
3.583524307168114,79.0,149.90927695035762,72d010ac-c422-4539-b372-30b45bb68fa4,minecraft:item,true,Wheat Seeds,[null]
6.036277712863344,79.0,152.0623906738025,4683d4aa-9bb8-4688-9c4a-fbc86d2a6c21,minecraft:item,true,Wheat Seeds,[null]
7.875,79.0,154.66441708066597,4df5de7f-2aad-4b74-a795-1481cbec128a,minecraft:item,true,Wheat Seeds,[null]
1.7997687069636217,79.0,148.54143689834854,daf64f4a-d384-44d9-b43e-9f0c8fbc9289,minecraft:item,true,Wheat Seeds,[null]
-85.5,5.0,17.5,c38793bb-9d8b-4eea-afed-1abcbae2178a,minecraft:zombie,true,Zombie,[null]
-98.40552506467037,8.0,18.14701176785601,d8d3ddfd-3339-4878-bd91-7cdb7eb65f60,minecraft:zombie,true,Zombie,[null]
-98.39553438497609,6.0,22.692313933557404,a063de2c-e0ae-4e5f-a77e-e50937246738,minecraft:zombie,true,Zombie,[null]
-75.88516243291555,-1.0,172.5153625430816,4239b983-5b9d-4044-9b95-38a8529b5b79,minecraft:skeleton,true,Skeleton,[null]
-131.97353505602894,68.0,95.87731964573896,9bfd06ef-a3f5-4a1d-a2f7-7e98cae2cc4a,minecraft:chicken,true,Chicken,[null]
38.56318389624943,70.0,80.59605778767872,ae0f07ea-d8ba-4b7a-b4e9-dba31fda793b,minecraft:pig,true,Pig,[null]
39.404142166743505,70.0,78.49358669421734,b786eed1-b53b-4505-adca-47cb6fd3ad14,minecraft:pig,true,Pig,[null]
44.51144456219688,74.0,97.48432239151256,da983da5-ee2e-4c6a-ab3e-52df8cb55261,minecraft:sheep,true,Sheep,[null]
42.64448884252854,75.0,109.59994982705496,1255a197-36e0-4e5f-8f38-00fa546fb413,minecraft:sheep,true,Sheep,[null]
54.613790016741326,76.0,108.54207340429562,e32c17a1-25b9-4e3a-a7a7-096f1db4c071,minecraft:sheep,true,Sheep,[null]
-58.38976510166836,-18.0,166.17501502171055,5b499e8c-2f2c-4f6c-9981-9c728dcd5fc0,minecraft:skeleton,true,Skeleton,[null]
-46.499997100275,84.0,170.55000001192093,b0f52e63-54b8-4a9c-ac74-870a57e23573,minecraft:cow,true,Cow,[null]
-25.381615624878034,83.0,161.49168421975617,9b4194f2-c639-4ac8-927e-4df784e258c5,minecraft:cow,true,Cow,[null]
-44.35419014179473,-13.0,162.5094740747327,b130b9ed-8577-4976-9462-a10dc224f67f,minecraft:zombie,true,Zombie,[null]
-17.50587846738192,-8.0,18.505898348641608,8c07550a-f245-4c4d-a0b5-eea72e04d37f,minecraft:skeleton,true,Skeleton,[null]
34.55363293535973,63.0,159.4619110196713,570257af-9388-4b1b-a0f2-67d7a8c7e573,minecraft:zombie,true,Zombie,[null]
12.25,7.100000023841858,162.25,3204f7c6-2755-4fdc-9b06-8a7771d8de16,minecraft:bat,true,Bat,[null]
-117.68960672196206,66.0,49.66544417766936,1b9e6c3a-2a93-4659-8a53-9b06263f930a,minecraft:cow,true,Cow,[null]
-62.54989191008431,33.46170015710689,177.56784540279187,c5589c0c-b3c1-43e7-b967-6e7c6def5446,minecraft:bat,true,Bat,[null]
-33.499729791149186,-15.0,178.19547036869838,60d3af13-c5fb-4e81-9a90-59cc4ba3d028,minecraft:skeleton,true,Skeleton,[null]
-5.764364407179147,112.0,191.52199450819842,f3c661b7-36ce-445d-b58a-910d8d9ec540,minecraft:cow,true,Cow,[null]
16.46059896962361,47.0,-8.479066559585796,760236ec-ffd2-439e-9803-71bb609c83d3,minecraft:drowned,true,Drowned,[null]
60.649169482454894,64.0,58.54946435962853,89f97b4e-3391-4878-bfd3-f970ecc86b62,minecraft:pig,true,Pig,[null]
52.55000001192093,66.0,69.55000001192093,4aeefe31-2f9a-45ab-b3da-2c661ad2bf05,minecraft:pig,true,Pig,[null]
56.51227240824793,8.0,108.08296200916156,eaf81100-3597-40b4-bcb5-514683c66463,minecraft:creeper,true,Creeper,[null]
53.501503573076924,8.0,117.45484991027483,640fac66-49c0-4869-a106-88457e081b3d,minecraft:creeper,true,Creeper,[null]
1.875,101.00730297642689,186.125,6d3eb462-fb78-4b6a-add5-f01f95a58b95,minecraft:item,true,Wheat Seeds,[null]
0.875,101.00050000002375,185.125,7dd2000b-d37a-4a50-8b95-48336d6986e3,minecraft:item,true,Wheat Seeds,[null]
-141.76117968832426,70.0,42.60433542540812,553c1bfc-780c-44f9-9b18-77d9a7d2465c,minecraft:cow,true,Cow,[null]
-132.51417574277832,72.61212960724183,8.950053370043147,db96dc6c-d785-4260-b0ef-4a117d1ab4c0,minecraft:villager,true,Villager,[null]
-140.5,8.0,120.5,7c701a48-eb98-4507-b35a-e01ab1d9ac62,minecraft:zombie,true,Zombie,[null]
-137.29120855330942,77.0,163.02662768903906,2e3cab3a-ab09-453d-aa1b-f28e768bb764,minecraft:item,true,Wheat Seeds,[null]
-30.764366643208554,114.0,191.51861119600798,1d380ed0-b21e-4991-aa7d-b0be8df548df,minecraft:cow,true,Cow,[null]
-24.42897238517726,123.0,200.5695830636564,f0256e17-0cb6-4d67-b7d8-53bd0e83c54f,minecraft:cow,true,Cow,[null]
5.587087076810029,114.0,208.55000001192093,3adcc088-bdca-4de0-bda4-4aff84b91341,minecraft:cow,true,Cow,[null]
-0.33429404929752526,113.0,203.55000001192093,311d10d6-a465-45a2-8d90-e4c7d36a61ca,minecraft:pig,true,Pig,[null]
-8.838835986006107,117.0,201.50682919623662,a3b1172b-7ecd-4423-87f8-91c28f49b36d,minecraft:pig,true,Pig,[null]
9.680274834227117,114.0,206.55000001192093,b00ebbc9-f0f2-4de0-9071-9725b4a67f1a,minecraft:cow,true,Cow,[null]
-159.6767578125,71.0,87.6982421875,47dd9339-ed8d-4ea6-a702-f3bfdbc9730a,minecraft:horse,true,Horse,[null]
-158.11805484659672,71.0,89.0249375924077,2598c56b-f364-4905-814e-62d9f0b369c8,minecraft:horse,true,Horse,[null]
-137.50561683084672,69.0,80.5081812745445,2301669c-f562-48b1-92df-ca868c36b0b5,minecraft:cat,true,Cat,[null]
-146.0836714590619,68.0,49.7509371171254,1601fa93-9cd6-436d-822d-2869501d8772,minecraft:pig,true,Pig,[null]
-147.85638693914444,69.0,46.497015803970086,42d78649-fe38-4c8f-8d29-1b2cb5e13a68,minecraft:pig,true,Pig,[null]
-143.4750844651163,70.0,34.53868365504182,10d13172-aac8-4789-97e0-591a48b98359,minecraft:pig,true,Pig,[null]
-150.08363658952578,70.0,33.759669546865126,641d1025-a556-4409-ae8a-8c7a696c2162,minecraft:cow,true,Cow,[null]
-148.04990702415066,70.0,39.276129050300106,15d7abe0-572d-4669-b23d-5a70936827e9,minecraft:cow,true,Cow,[null]
-153.28479432182348,70.0,45.55121930759117,4e837104-2365-45b3-b3a0-928653be3fbb,minecraft:iron_golem,true,Iron Golem,[null]
-157.49896908956353,69.53584062504456,53.32579389878748,7a7e8ff5-e6bf-4efc-bb1b-d3577d631c7b,minecraft:villager,true,Nitwit,[null]
-145.54257566188204,71.0,24.534426063539165,a3b7980e-00b0-4f9f-82d3-1c5757cf9cb0,minecraft:cow,true,Cow,[null]
-147.1059458230666,24.100000023841858,119.73292596157658,25febe6c-1fa7-4141-8766-9f1de6b316f2,minecraft:bat,true,Bat,[null]
-151.990171318432,103.0,188.55669840666468,ba2a3995-ff24-4602-b615-3ea2b9b4bfa0,minecraft:horse,true,Horse,[null]
-147.42718783241816,103.0,186.1693039684033,a48d6bee-c66d-404b-a585-17d5afb0534a,minecraft:horse,true,Horse,[null]
-155.63103642815275,112.0,204.5287511697795,23e47f35-3b94-4aa3-95b5-00804401677e,minecraft:horse,true,Horse,[null]
-137.38834370517506,71.9375,5.696710903724211,93c3b105-df9a-4baa-8177-2b0d42531198,minecraft:villager,true,Villager,[null]
-61.84775035764317,124.0,219.54910391978206,4194bc0c-8405-4c57-b30b-c1b018639b35,minecraft:pig,true,Pig,[null]
-33.45074261269127,126.0,218.4581889706852,d7cbdcb3-0814-4542-8c97-b3a38f919fbb,minecraft:cow,true,Cow,[null]
-14.700519501308987,122.0,216.50637549802673,ea02d964-d28e-4d9c-a053-24fe6ae04d70,minecraft:cow,true,Cow,[null]
95.58432360283689,77.0,142.60765864843842,aee72a42-0626-438c-84b8-19f1b3a79e21,minecraft:pig,true,Pig,[null]
2.4839485458867374,116.0,211.55000001192093,17544734-373d-4685-bbfe-839213f083fe,minecraft:cow,true,Cow,[null]
1.505625576938291,117.0,212.65704827032047,8a2d133d-0e4e-4157-bfec-3821f2cec347,minecraft:pig,true,Pig,[null]
2.6691237915985235,117.0,215.6600392370974,c4f94884-7b6f-4ed6-91a3-83b925af293c,minecraft:pig,true,Pig,[null]
-169.50603386749785,72.0,71.7590325989916,1a7a2981-ab5e-4dc6-880e-f87fa98b8e3e,minecraft:villager,true,Farmer,[null]
-156.956999403675,68.0,54.39074784050579,756083a8-2200-438b-8b47-cb4fcad45256,minecraft:villager,true,Villager,[null]
-157.69959727626906,69.0,54.2622866094943,0ae61a0e-cf30-4263-92b3-27190c7ce2c0,minecraft:villager,true,Villager,[null]
-171.46910959136645,72.0,50.64483789050756,12291a7a-fea2-465a-a815-052d16a5107d,minecraft:pig,true,Pig,[null]
-164.26062342694905,71.0,20.916930057617755,2df0ab98-4b38-41b0-92ed-a731015dd1c9,minecraft:villager,true,Mason,[null]
-178.0049033790522,85.0,129.3439528857252,b43c432e-05d4-4001-968f-e9a811031047,minecraft:villager,true,Nitwit,[null]
-165.5,5.0625,166.5,b042f7b4-bfe6-4b15-a736-7f13c257db84,minecraft:chest_minecart,true,Minecart with Chest,[null]
-168.4754953098528,73.0,-9.463173930837637,fe5a45c2-66be-4351-b3e3-f6ec55496c81,minecraft:cow,true,Cow,[null]
-47.599999994039536,126.0,243.0,5b733d71-3411-4543-a6b2-9c3e6ad6e97f,minecraft:chicken,true,Chicken,[null]
-47.0,126.0,245.0,da58bfed-b0b6-4d62-8f6a-e2bce6de1347,minecraft:chicken,true,Chicken,[null]
-41.694080353612904,126.0,246.49221639361173,85bb0de9-6ec9-409b-b1c2-9f81a754999f,minecraft:chicken,true,Chicken,[null]
-47.0,127.0,242.0,cb99cb61-f969-4c6a-b2e6-830a2572a49a,minecraft:chicken,true,Chicken,[null]
-12.423504491894546,124.0,225.5254780805562,887ae1d0-4972-4ca7-89aa-c3369f42d05b,minecraft:cow,true,Cow,[null]
106.59459565234607,76.0,110.58470222088656,324ce902-b4da-414f-9ca5-b7a916f5b211,minecraft:sheep,true,Sheep,[null]
103.2553143136719,77.0,108.13197001614888,df8248e6-c227-4189-8eab-91502ee5315d,minecraft:sheep,true,Sheep,[null]
94.5310880535574,78.0,120.44438142297463,072cf611-62f1-4bab-91a9-2018072f0031,minecraft:sheep,true,Sheep,[null]
110.5689080456477,70.0,116.58588282513136,e7aff6d7-ff45-48cf-ae9b-693a3514a52a,minecraft:sheep,true,Sheep,[null]
97.56489984579956,77.0,142.63259322819664,08559b11-d83e-47d7-a35c-4c0427030100,minecraft:pig,true,Pig,[null]
105.23111792404782,76.0,130.9616716589082,72334d26-8605-4898-9410-c891870f85e2,minecraft:pig,true,Pig,[null]
112.00875073406894,70.0,149.44345801252305,e8c322a8-a92c-4ac5-9019-46a85d0e04e1,minecraft:pig,true,Pig,[null]
117.0,71.0,184.0,9d2c4ce3-a238-4f73-ab09-df1a89b47e64,minecraft:horse,true,Horse,[null]
115.0,71.0,182.0,38a3f597-c7b7-43fa-a035-0ddb3185b775,minecraft:horse,true,Horse,[null]
115.0,71.0,184.0,ba78ecdd-2f51-4eb1-82e2-c1e3140d45fa,minecraft:horse,true,Horse,[null]
116.0,71.0,183.0,4fbbc3ac-27da-41e6-ab2f-977e07bb2bed,minecraft:horse,true,Horse,[null]
47.29339705888407,78.0,254.6980602996163,1d1d601e-10fe-4552-9d93-d3f5f71aed64,minecraft:chicken,true,Chicken,[null]
104.48993685366783,71.0,247.59430975068364,9d80a735-4830-4e70-9464-5ca074adf68f,minecraft:sheep,true,Sheep,[null]
104.55950014204228,71.0,251.14913917370396,65192b1b-98f3-45a7-9d5f-d1d4c7f908b5,minecraft:sheep,true,Sheep,[null]
106.0,71.0,247.0,8bfe5465-5218-411c-8f56-e1645009a106,minecraft:sheep,true,Sheep,[null]
-192.00885016767546,79.0,84.32219679345855,f259dced-6be4-4147-b500-e1fa02846345,minecraft:villager,true,Villager,[null]
-192.1338636344034,77.0,68.504982502401,a8150459-11bc-4a73-87f1-77b8d116b816,minecraft:villager,true,Farmer,[null]
-192.01588426690216,77.0,58.63452708011097,d645fa54-7ecd-4cd9-8f3f-6e53466996c7,minecraft:villager,true,Villager,[null]
30.776334392350496,78.0,263.3052862075676,ca5c48a0-3eab-47ae-baea-c322ee0e66b0,minecraft:chicken,true,Chicken,[null]
133.5,38.5,68.5,1c838d05-3076-423a-9185-27327f5ad02f,minecraft:chest_minecart,true,Minecart with Chest,[null]
138.5,10.5,140.5,91d11831-854a-4b43-9b65-831f6bcf2882,minecraft:chest_minecart,true,Minecart with Chest,[null]
135.5,10.5,142.5,3d90bc44-5270-418a-a545-460a0aa4f924,minecraft:chest_minecart,true,Minecart with Chest,[null]
-141.5,1.0625,250.5,5a1160a8-2808-413e-bfe7-5c646c21821c,minecraft:chest_minecart,true,Minecart with Chest,[null]
-145.5,1.0625,248.5,63f5b963-13fa-467c-9e9f-c35d88f002da,minecraft:chest_minecart,true,Minecart with Chest,[null]
38.05016159608567,78.0,257.8660423186993,5beb94f4-2572-4306-bacd-b30a218e54c9,minecraft:chicken,true,Chicken,[null]
47.547099234436246,76.0,266.8950722399405,cee114ef-2ab0-4e0d-9610-b383b262f966,minecraft:chicken,true,Chicken,[null]
98.54878597952751,72.0,256.61291724651704,dc5f8951-f93e-4cd5-ae73-1828eaf0d23f,minecraft:sheep,true,Sheep,[null]
-222.0,88.0,104.0,b6917500-c07e-46fd-bdd9-d33428b5008f,minecraft:cow,true,Cow,[null]
-219.0,91.0,78.0,2bc75a8d-5a86-43f8-b76c-415908c0dcef,minecraft:horse,true,Horse,[null]
-218.0,91.0,77.0,39660d94-de8e-4b94-a7fe-35a099f3c801,minecraft:horse,true,Horse,[null]
-216.0,91.0,77.0,cfb98bc1-e166-42f2-8f11-f330a8418c00,minecraft:horse,true,Horse,[null]
-196.5,4.5,140.5,91e60c7b-d57f-4cc6-822f-a210279ca1a1,minecraft:chest_minecart,true,Minecart with Chest,[null]
-203.5,4.5,144.5,9e776f9c-15f4-40e9-8579-63b94a671684,minecraft:chest_minecart,true,Minecart with Chest,[null]
-202.5,5.5,152.5,1614cbd3-48c5-4bb3-8ca3-dd627e4e99a8,minecraft:chest_minecart,true,Minecart with Chest,[null]
-186.5,4.0625,158.5,efe4ff97-86ba-4992-b0da-d379c5380d42,minecraft:chest_minecart,true,Minecart with Chest,[null]
-192.12220890763408,10.132048532045658,179.90764709406332,c1cb31ca-56f6-48ff-8dcc-15ed1f95c7df,minecraft:item,true,String,[null]
-190.54303245330712,10.0,179.12922709430137,96a2adc0-06f9-425d-b73d-82cd027dd569,minecraft:item,true,String,[null]
-180.0,125.0,248.0,5330712c-acce-4731-899c-e81dd61e79ed,minecraft:pig,true,Pig,[null]
-181.0,125.0,248.0,b14f6094-3439-4149-9a96-9de90548ccaf,minecraft:pig,true,Pig,[null]
-177.0,125.0,248.0,eb00fe77-2d26-44dd-b40f-240abb6c3c02,minecraft:pig,true,Pig,[null]
-177.0,125.0,248.0,e76f8d6e-47b8-4984-b09f-5aaa4c607816,minecraft:pig,true,Pig,[null]
-163.46000702972066,71.0,-55.37710910816874,978c296b-be36-49a4-9e21-8ec5743f7c27,minecraft:sheep,true,Sheep,[null]
-177.81391419843595,72.0,-54.45733880958939,9e5d3250-205c-42ac-8010-39ae46ce221b,minecraft:sheep,true,Sheep,[null]
-174.90255815991665,70.0,-63.55000001192093,886a315f-135d-4e27-ab02-9cdd14ca2fb1,minecraft:sheep,true,Sheep,[null]
-166.33762699756454,72.0,-48.482507237794806,e415239b-5826-4ea9-a85e-10d8c8011ba4,minecraft:sheep,true,Sheep,[null]
-193.396484375,78.0,-26.0,99147260-1633-43cd-a6cc-8aec0e825474,minecraft:horse,true,Horse,[null]
-194.0,78.0,-28.0,26e34f85-b046-4676-9513-ae269f3c8f18,minecraft:horse,true,Horse,[null]
-197.0,77.0,-30.0,c8cccc5c-99b2-4f6b-99a7-1c32c329676c,minecraft:horse,true,Horse,[null]
-196.0,78.0,-28.0,0fcf85d6-3e9b-410e-8866-066ab8c5d906,minecraft:horse,true,Horse,[null]
-199.0,70.0,-60.0,80cb6cef-af39-4565-aeb4-5b0da02ed681,minecraft:sheep,true,Sheep,[null]
-195.0,71.0,-60.0,b3a99238-da67-4632-ac41-5b7c19f1fb43,minecraft:sheep,true,Sheep,[null]
-193.0,71.0,-61.0,570060bb-6882-4c8c-908f-6a75f7cf473f,minecraft:sheep,true,Sheep,[null]
-193.0,72.0,-57.0,9ade682f-b4f4-41aa-aff0-f76593ae4e80,minecraft:sheep,true,Sheep,[null]
-220.0,96.0,246.0,17f907c3-0ddc-4cc6-abf1-b8b74ebf4453,minecraft:sheep,true,Sheep,[null]
-79.30351778599463,-37.85924775737595,75.96705726462827,c90dee9c-bcd1-4268-ab60-8e72d9865dd6,minecraft:bat,true,Bat,[null]
-116.5,23.0,81.5,ae554158-5f18-4f3e-b352-2414da3f7a50,minecraft:skeleton,true,Skeleton,[null]
-124.5,18.0,37.5,8fb00118-90c4-44d7-b7af-79fb228753b1,minecraft:skeleton,true,Skeleton,[null]
-95.5,-23.0,73.5,a407405f-6ae2-4ed1-aee7-ea0eabff1a9c,minecraft:zombie,true,Zombie,[null]
3.95695685717927,56.99803321173982,59.404887434078304,812c1d30-9587-4341-a0b4-8f3ed983c561,minecraft:cod,true,Cod,[null]
-11.830747700195484,62.50403915201869,57.24837182603002,e895ac48-ebff-4924-bd52-79745b0bb4ad,minecraft:cod,true,Cod,[null]
-20.646941454680785,61.00267599667801,51.267919952866485,526b9019-5fff-4bd0-a820-16b232056b3c,minecraft:salmon,true,Salmon,[null]
-20.011758128438892,61.06242346647268,52.05812629505594,6baa4cec-fe5d-41c2-8b21-d83bf3f1ea96,minecraft:salmon,true,Salmon,[null]
-7.5,64.0,184.5,a9dd05a4-f56a-4079-828e-5f507f4a65ca,minecraft:spider,true,Spider,[null]
-5.040558551830853,66.0,195.76443716073115,e8b3fa7a-9f43-44c3-a01d-42257c57457d,minecraft:spider,true,Spider,[null]
-9.5,64.0,190.5,0efc16b7-601b-4965-9b3a-420f71a3d380,minecraft:zombie,true,Zombie,[null]
0.5087251117789745,60.96724357914698,62.50253131616565,d06b260e-be63-46f4-af7a-ed107e49c957,minecraft:salmon,true,Salmon,[null]
-4.877857532228875,59.74194825834894,63.730413752952224,6158d984-9389-4037-85cf-fcc7fcb5338f,minecraft:salmon,true,Salmon,[null]
-3.2143772896055194,58.51388950271822,64.21943423787891,cd651876-ae3d-4e12-a401-a2e9c9e8db6e,minecraft:salmon,true,Salmon,[null]
-3.5752213457130186,58.97083129149503,64.40840556888152,89dd7033-bb09-4311-8600-dfd92e058386,minecraft:salmon,true,Salmon,[null]
-5.197284435930546,56.48440571589735,52.0243663318794,ab231495-f423-45b3-8f23-eb6dea16901c,minecraft:salmon,true,Salmon,[null]
-6.073266470881529,57.61500627727917,50.14803042154044,e3d17c09-8699-4b3e-b008-231fda8192fe,minecraft:salmon,true,Salmon,[null]
-82.78180574779535,-42.580556128918175,103.56677766462526,61585774-fbd2-4580-88b8-10db71a94f42,minecraft:bat,true,Bat,[null]
-89.6917119595745,12.510197924876683,31.597696263802035,b7c94de9-a113-4647-ac62-91d6319d8c21,minecraft:bat,true,Bat,[null]
-142.0670388697242,23.0,137.8545900821517,c16509bc-dbdd-4255-a4a0-e58c4bd0b0bc,minecraft:creeper,true,Creeper,[null]
-139.77866858544834,23.0,139.07618789087994,2537380a-eebc-4f7f-8334-5f0a3c8f53cd,minecraft:creeper,true,Creeper,[null]
-138.53464423258293,23.0,137.5416772479349,ea928fb6-9a1e-4d8f-8521-a9ddd06c51f2,minecraft:skeleton,true,Skeleton,[null]
-99.77711191866547,-29.74604248185642,79.46060166880488,894e8fa9-12c8-49d7-b1b7-d0ec825c9bf8,minecraft:glow_squid,true,Glow Squid,[null]
-101.9192761266604,-31.55034713447094,82.04590829508379,c01998b1-1e20-4161-b887-0739b14c58c0,minecraft:glow_squid,true,Glow Squid,[null]
-99.06268002837896,-32.613584170117974,78.20376379229128,4d2a801a-471d-4fb5-85be-70f33ad0c660,minecraft:glow_squid,true,Glow Squid,[null]
-103.54263775609434,-30.731742893578485,80.75142913684249,dfb92386-0d12-4253-bc4c-bd212addb65f,minecraft:glow_squid,true,Glow Squid,[null]
-16.498583419204106,-7.0,32.53719285705893,46d62bef-55e8-45f7-8ded-89101d2c021c,minecraft:zombie,true,Zombie,[null]
-19.359710933254444,15.0,141.00042176092532,2a760fac-2fa1-4005-b493-7cfe7d665000,minecraft:skeleton,true,Skeleton,[null]
-18.35826589587196,15.0,141.01981411526566,9fb716fb-e833-4932-8c13-1113ed92c081,minecraft:skeleton,true,Skeleton,[null]
-24.88177692522454,15.0,145.6539585573501,ff8f99ec-d295-4e8d-92ea-e6fc380b4a4e,minecraft:creeper,true,Creeper,[null]
-19.13288749286508,0.03215716323937648,84.68557007796352,dfeb5de8-8982-475d-b242-c23fce95807c,minecraft:bat,true,Bat,[null]
-7.239997722761,0.6675435054910748,65.50971288929998,b29362ec-082f-4467-aef5-49d0873dc746,minecraft:bat,true,Bat,[null]
-16.977655810574607,7.761822164142879,81.0939682508777,b523f6bd-bfed-4d95-aad5-3fcbb46ed1df,minecraft:bat,true,Bat,[null]
-22.885188494513702,-1.0,9.49477917379662,5e7df200-ff6e-438a-b1c4-870e5570e32f,minecraft:skeleton,true,Skeleton,[null]
-19.5,-4.0,8.5,5fd6bd97-a1e6-4976-98ec-fb1a428afd25,minecraft:skeleton,true,Skeleton,[null]
-76.49134911926282,-32.52581513361095,112.71523667693225,d2239a62-60e2-49ff-9a70-7d74ee1092f9,minecraft:bat,true,Bat,[null]
-103.5328258579227,-19.67053487487802,137.4254119230307,23cc5064-e8ea-47b1-939e-d9af88c46585,minecraft:bat,true,Bat,[null]
-87.25,-28.197533948054627,129.69393306613387,b66088a4-673d-418a-8a49-4705456ca761,minecraft:bat,true,Bat,[null]
-49.6587593195719,-18.0,178.51182039459906,3121a04e-3c44-4c5a-97f5-2ef9e9a746ba,minecraft:creeper,true,Creeper,[null]
-20.276269760150136,59.80530892731583,51.644498381572845,59fec652-1b52-4c45-b636-1c51af8268a6,minecraft:salmon,true,Salmon,[null]
2.6102705894932816,56.66728756312634,59.564935467762766,cf9b9479-85a1-4c14-a3fd-e83b7546d7b1,minecraft:cod,true,Cod,[null]
-12.5,2.0,73.5,61280237-8956-44d5-812c-70bd024a5321,minecraft:creeper,true,Creeper,[null]
-149.51190983991185,23.0,130.49644042361223,d8870759-dda7-4cf2-8490-a68a70d39d78,minecraft:zombie,true,Zombie,[null]
-157.89938709740062,23.0,127.0971093286753,6c85dff9-0a6f-4782-8edf-cb9ebfe7e165,minecraft:zombie,true,Zombie,[null]
-154.5,23.0,133.5,9633b353-3c43-4107-a658-568c168fe811,minecraft:zombie,true,Zombie,[null]
-151.53577138840015,23.0,134.46422086638327,feed5dfd-512f-46e0-831c-854806d9cd1a,minecraft:zombie,true,Zombie,[null]
0.5,62.697861152900906,61.03897214184523,cea3171d-03eb-4d66-bf6d-ad351bf45ebd,minecraft:salmon,true,Salmon,[null]
-3.830168677828909,57.45076099051801,52.71613220928794,321c289e-93aa-4fe4-aded-d0d81073f7c8,minecraft:salmon,true,Salmon,[null]
-4.5060012671897,58.991632567076756,63.40057634904846,72d5ffdd-db29-45e7-9978-15dd6a1538af,minecraft:salmon,true,Salmon,[null]
9.834333398418561,55.59292432593674,55.16566512219456,275fa438-30ae-4596-bf11-adb4d334f290,minecraft:salmon,true,Salmon,[null]
