{"stats":{"minecraft:used":{"minecraft:stone_bricks":104,"minecraft:ladder":8,"minecraft:cracked_stone_bricks":9,"minecraft:mossy_stone_bricks":58,"minecraft:jigsaw":10,"minecraft:stone":2,"minecraft:structure_block":10},"minecraft:custom":{"minecraft:jump":109,"minecraft:time_since_rest":15817,"minecraft:crouch_one_cm":132,"minecraft:leave_game":4,"minecraft:play_time":15817,"minecraft:sprint_one_cm":11056,"minecraft:time_since_death":15817,"minecraft:walk_one_cm":32341,"minecraft:sneak_time":394,"minecraft:total_world_time":22346,"minecraft:climb_one_cm":2894,"minecraft:fly_one_cm":166431}},"DataVersion":3465}