{"stats":{"minecraft:used":{"minecraft:stone_bricks":104,"minecraft:cracked_stone_bricks":9,"minecraft:ladder":8,"minecraft:mossy_stone_bricks":58,"minecraft:jigsaw":10,"minecraft:stone":2,"minecraft:structure_block":10},"minecraft:custom":{"minecraft:jump":97,"minecraft:time_since_rest":14282,"minecraft:crouch_one_cm":132,"minecraft:leave_game":3,"minecraft:play_time":14282,"minecraft:sprint_one_cm":9957,"minecraft:time_since_death":14282,"minecraft:walk_one_cm":30861,"minecraft:sneak_time":338,"minecraft:climb_one_cm":2860,"minecraft:total_world_time":20441,"minecraft:fly_one_cm":117124}},"DataVersion":3465}