{"stats":{"minecraft:dropped":{"minecraft:glowstone":1},"minecraft:custom":{"minecraft:time_since_rest":213831,"minecraft:crouch_one_cm":4090,"minecraft:sprint_one_cm":71502,"minecraft:play_time":213831,"minecraft:walk_one_cm":188692,"minecraft:sneak_time":6241,"minecraft:drop":1,"minecraft:jump":602,"minecraft:leave_game":14,"minecraft:time_since_death":213831,"minecraft:climb_one_cm":3900,"minecraft:total_world_time":268471,"minecraft:fly_one_cm":1898021},"minecraft:picked_up":{"minecraft:glowstone":1},"minecraft:used":{"minecraft:structure_block":42,"minecraft:stone_bricks":428,"minecraft:cracked_stone_bricks":19,"minecraft:mossy_stone_bricks":42,"minecraft:glowstone":141,"minecraft:dirt":2,"minecraft:jigsaw":93,"minecraft:grass_block":49,"minecraft:ladder":12,"minecraft:stone":691}},"DataVersion":3465}