{"stats":{"minecraft:custom":{"minecraft:time_since_rest":33857,"minecraft:sprint_one_cm":174908,"minecraft:damage_taken":235,"minecraft:walk_one_cm":395127,"minecraft:drop":2,"minecraft:fly_one_cm":3870970,"minecraft:crouch_one_cm":7223,"minecraft:play_time":342559,"minecraft:sneak_time":11292,"minecraft:deaths":1,"minecraft:jump":972,"minecraft:leave_game":23,"minecraft:time_since_death":33814,"minecraft:total_world_time":400569,"minecraft:climb_one_cm":3417},"minecraft:dropped":{"minecraft:glowstone":1,"atrox:spookydimension":1},"minecraft:used":{"atrox:spookyframe":28,"minecraft:stone_brick_slab":119,"minecraft:mossy_stone_bricks":19,"minecraft:jigsaw":74,"atrox:spookstone_stairs":17,"minecraft:command_block":1,"minecraft:grass_block":54,"minecraft:redstone":150,"minecraft:ladder":12,"minecraft:oak_sign":1,"atrox:spookyrack":1570,"minecraft:mossy_stone_brick_stairs":8,"minecraft:stone":964,"minecraft:structure_block":63,"minecraft:mossy_stone_brick_slab":64,"minecraft:stone_brick_stairs":17,"minecraft:stone_bricks":203,"minecraft:cracked_stone_bricks":11,"minecraft:glowstone":206,"atrox:acid_bucket":47,"minecraft:repeater":18,"minecraft:dirt":2,"minecraft:tnt":69,"atrox:spookydimension":2,"minecraft:stone_pressure_plate":70},"minecraft:picked_up":{"minecraft:wooden_axe":1,"minecraft:ladder":1,"minecraft:structure_block":1,"minecraft:redstone":1,"minecraft:stone_pressure_plate":1,"minecraft:stone_bricks":1,"atrox:spookydimension":2,"atrox:trappedstonepressureplate":1,"minecraft:cracked_stone_bricks":1,"minecraft:glowstone":2,"minecraft:mossy_stone_bricks":1}},"DataVersion":3465}