{"stats":{"minecraft:picked_up":{"minecraft:glowstone":1},"minecraft:dropped":{"minecraft:glowstone":1},"minecraft:used":{"minecraft:stone_bricks":9,"minecraft:glowstone":132,"minecraft:jigsaw":57,"minecraft:ladder":12,"minecraft:mossy_stone_bricks":1,"minecraft:dirt":2,"minecraft:stone":672,"minecraft:structure_block":42,"minecraft:grass_block":42},"minecraft:custom":{"minecraft:jump":429,"minecraft:time_since_rest":189703,"minecraft:leave_game":10,"minecraft:crouch_one_cm":3366,"minecraft:play_time":189703,"minecraft:sprint_one_cm":44997,"minecraft:time_since_death":189703,"minecraft:walk_one_cm":139021,"minecraft:sneak_time":5362,"minecraft:total_world_time":230305,"minecraft:climb_one_cm":2276,"minecraft:drop":1,"minecraft:fly_one_cm":1614076}},"DataVersion":3465}