{
  "display": {
    "icon": {
      "item": "atrox:ghostbauble"
    },
    "title": {
      "translate": "advancements.ghostbaubleequipped.title"
    },
    "description": {
      "translate": "advancements.ghostbaubleequipped.descr"
    },
    "frame": "goal",
    "show_toast": true,
    "announce_to_chat": true,
    "hidden": false
  },
  "criteria": {
    "ghostbaubleequipped_0": {
      "trigger": "minecraft:impossible"
    }
  },
  "rewards": {
    "experience": 1
  },
  "parent": "atrox:thatwasspooky"
}