{
  "display": {
    "icon": {
      "item": "atrox:spookywood_log"
    },
    "title": {
      "translate": "advancements.thatsnew.title"
    },
    "description": {
      "translate": "advancements.thatsnew.descr"
    },
    "frame": "task",
    "show_toast": true,
    "announce_to_chat": true,
    "hidden": false
  },
  "criteria": {
    "thatsnew_0": {
      "trigger": "minecraft:inventory_changed",
      "conditions": {
        "items": [
          {
            "items": [
              "atrox:spookywood_log"
            ],
            "count": {
              "min": 1,
              "max": 1
            }
          }
        ]
      }
    }
  },
  "parent": "atrox:thatwasspooky"
}