{
  "display": {
    "background": "minecraft:textures/block/stone.png",
    "icon": {
      "item": "atrox:spookydimension"
    },
    "title": {
      "translate": "advancements.thatwasspooky.title"
    },
    "description": {
      "translate": "advancements.thatwasspooky.descr"
    },
    "frame": "goal",
    "show_toast": true,
    "announce_to_chat": true,
    "hidden": false
  },
  "criteria": {
    "thatwasspooky_0": {
      "trigger": "minecraft:changed_dimension",
      "conditions": {
        "to": "atrox:spookydimension"
      }
    }
  },
  "rewards": {
    "experience": 8
  }
}