{"stats":{"minecraft:dropped":{"minecraft:glowstone":1},"minecraft:custom":{"minecraft:time_since_rest":196029,"minecraft:crouch_one_cm":3555,"minecraft:sprint_one_cm":55262,"minecraft:play_time":196029,"minecraft:walk_one_cm":149101,"minecraft:sneak_time":5717,"minecraft:drop":1,"minecraft:jump":470,"minecraft:leave_game":12,"minecraft:time_since_death":196029,"minecraft:climb_one_cm":2276,"minecraft:total_world_time":243542,"minecraft:fly_one_cm":1739351},"minecraft:picked_up":{"minecraft:glowstone":1},"minecraft:used":{"minecraft:structure_block":42,"minecraft:stone_bricks":57,"minecraft:cracked_stone_bricks":11,"minecraft:mossy_stone_bricks":14,"minecraft:glowstone":132,"minecraft:dirt":2,"minecraft:jigsaw":68,"minecraft:grass_block":42,"minecraft:ladder":12,"minecraft:stone":677}},"DataVersion":3465}