{
	"credit": "Made with Blockbench",
	"texture_size": [64, 48],
	"textures": {
		"2": "Spookyrackshine",
		"particle": "spookyrack"
	},
	"elements": [
		{
			"from": [0, 0, 0],
			"to": [16, 16, 16],
			"rotation": {"angle": 0, "axis": "y", "origin": [8, 8, 8]},
			"faces": {
				"north": {"uv": [4, 5.33333, 8, 10.66667], "texture": "#2"},
				"east": {"uv": [0, 5.33333, 4, 10.66667], "texture": "#2"},
				"south": {"uv": [12, 5.33333, 16, 10.66667], "texture": "#2"},
				"west": {"uv": [8, 5.33333, 12, 10.66667], "texture": "#2"},
				"up": {"uv": [8, 5.33333, 4, 0], "texture": "#2"},
				"down": {"uv": [8, 10.66667, 4, 16], "texture": "#2"}
			}
		}
	],
	"display": {
		"thirdperson_righthand": {
			"scale": [0.3, 0.3, 0.3]
		},
		"thirdperson_lefthand": {
			"scale": [0.3, 0.3, 0.3]
		},
		"firstperson_righthand": {
			"rotation": [8, 45, 0],
			"scale": [0.5, 0.5, 0.5]
		},
		"firstperson_lefthand": {
			"rotation": [8, 45, 0],
			"scale": [0.5, 0.5, 0.5]
		},
		"ground": {
			"scale": [0.3, 0.3, 0.3]
		},
		"gui": {
			"rotation": [30, 45, 0],
			"scale": [0.6, 0.6, 0.6]
		}
	}
}