{
	"format_version": "1.12.0",
	"minecraft:geometry": [
		{
			"description": {
				"identifier": "geometry.spookyboat",
				"texture_width": 128,
				"texture_height": 64,
				"visible_bounds_width": 4,
				"visible_bounds_height": 2.5,
				"visible_bounds_offset": [0, 0.75, 0]
			},
			"bones": [
				{
					"name": "front",
					"pivot": [0, 2, 5.5],
					"rotation": [0, 180, 0],
					"cubes": [
						{"origin": [-9, 3, 23.5], "size": [18, 6, 2], "uv": [0, 19]}
					]
				},
				{
					"name": "front2",
					"parent": "front",
					"pivot": [0, 6, -5],
					"rotation": [0, 180, 0],
					"cubes": [
						{"origin": [-8, 3, -5.5], "size": [16, 6, 2], "uv": [0, 27]}
					]
				},
				{
					"name": "sides",
					"parent": "front",
					"pivot": [-15, -22, -5],
					"rotation": [0, -90, 0],
					"cubes": [
						{"origin": [-14.5, 3, -12], "size": [28, 6, 2], "uv": [0, 35]}
					]
				},
				{
					"name": "sides2",
					"parent": "sides",
					"pivot": [0, 6, -29],
					"rotation": [0, 180, 0],
					"cubes": [
						{"origin": [-13.5, 3, -30], "size": [28, 6, 2], "uv": [0, 43]}
					]
				},
				{
					"name": "base",
					"parent": "front",
					"pivot": [0, 1.5, 9.5],
					"rotation": [90, 90, 0],
					"cubes": [
						{"origin": [-14, -6.5, 8], "size": [28, 16, 3], "uv": [0, 0]}
					]
				},
				{
					"name": "bottom_no_water",
					"pivot": [0, -11, 3.5]
				},
				{
					"name": "left",
					"pivot": [0, 0, 0]
				},
				{
					"name": "right",
					"pivot": [0, 0, 0]
				},
				{
					"name": "back",
					"pivot": [0, 0, 0]
				},
				{
					"name": "bottom",
					"pivot": [0, 0, 0]
				},
				{
					"name": "Rightpaddle",
					"pivot": [13.755, 5.5, 3.75],
					"cubes": [
						{"origin": [12.5, 4, -9], "size": [2, 2, 18], "uv": [8, 27]},
						{"origin": [13.51, 3, 4], "size": [1, 6, 7], "uv": [62, 0]}
					]
				},
				{
					"name": "Leftpaddle",
					"pivot": [-13.755, 5.5, 3.75],
					"cubes": [
						{"origin": [-14.5, 4, -9], "size": [2, 2, 18], "uv": [8, 27]},
						{"origin": [-14.51, 3, 4], "size": [1, 6, 7], "uv": [62, 0]}
					]
				}
			]
		}
	]
}