{
	"credit": "Made with Blockbench",
	"textures": {
		"0": "texture",
		"1": "middleframes",
		"2": "topbottomframes",
		"3": "topbottommiddleframe",
		"5": "powerbottom",
		"6": "powerright",
		"7": "powerleft",
		"8": "powertop",
		"particle": "texture"
	},
	"elements": [
		{
			"name": "Middlecube",
			"from": [5, 5, 5],
			"to": [11, 11, 11],
			"rotation": {"angle": 0, "axis": "y", "origin": [7, 0, 7]},
			"faces": {
				"north": {"uv": [0, 0, 16, 16], "texture": "#0"},
				"east": {"uv": [0, 0, 16, 16], "texture": "#0"},
				"south": {"uv": [0, 0, 16, 16], "texture": "#0"},
				"west": {"uv": [0, 0, 16, 16], "texture": "#0"},
				"up": {"uv": [0, 0, 16, 16], "texture": "#0"},
				"down": {"uv": [0, 0, 16, 16], "texture": "#0"}
			}
		},
		{
			"from": [5, 0, 5],
			"to": [11, 5, 11],
			"rotation": {"angle": 0, "axis": "y", "origin": [7, 0, 7]},
			"faces": {
				"north": {"uv": [0, 0, 16, 16], "texture": "#3"},
				"east": {"uv": [0, 0, 16, 16], "texture": "#3"},
				"south": {"uv": [0, 0, 16, 16], "texture": "#3"},
				"west": {"uv": [0, 0, 16, 16], "texture": "#3"},
				"up": {"uv": [0, 0, 16, 16], "texture": "#3"},
				"down": {"uv": [0, 0, 16, 16], "texture": "#3"}
			}
		},
		{
			"from": [5, 11, 5],
			"to": [11, 16, 11],
			"rotation": {"angle": 0, "axis": "y", "origin": [7, 0, 7]},
			"faces": {
				"north": {"uv": [0, 0, 16, 16], "texture": "#3"},
				"east": {"uv": [0, 0, 16, 16], "texture": "#3"},
				"south": {"uv": [0, 0, 16, 16], "texture": "#3"},
				"west": {"uv": [0, 0, 16, 16], "texture": "#3"},
				"up": {"uv": [16, 16, 0, 0], "texture": "#3"},
				"down": {"uv": [16, 0, 0, 16], "texture": "#3"}
			}
		},
		{
			"from": [0, 11, 11],
			"to": [5, 16, 16],
			"rotation": {"angle": 0, "axis": "y", "origin": [7, 0, 7]},
			"faces": {
				"north": {"uv": [0, 0, 16, 16], "texture": "#2"},
				"east": {"uv": [0, 0, 16, 16], "texture": "#2"},
				"south": {"uv": [0, 0, 16, 16], "texture": "#2"},
				"west": {"uv": [0, 0, 16, 16], "texture": "#2"},
				"up": {"uv": [0, 0, 16, 16], "texture": "#2"},
				"down": {"uv": [0, 0, 16, 16], "texture": "#2"}
			}
		},
		{
			"from": [0, 0, 11],
			"to": [5, 5, 16],
			"rotation": {"angle": 0, "axis": "y", "origin": [7, -11, 7]},
			"faces": {
				"north": {"uv": [0, 0, 16, 16], "texture": "#2"},
				"east": {"uv": [0, 0, 16, 16], "texture": "#2"},
				"south": {"uv": [0, 0, 16, 16], "texture": "#2"},
				"west": {"uv": [0, 0, 16, 16], "texture": "#2"},
				"up": {"uv": [0, 0, 16, 16], "texture": "#2"},
				"down": {"uv": [0, 0, 16, 16], "texture": "#2"}
			}
		},
		{
			"from": [0, 11, 0],
			"to": [5, 16, 5],
			"rotation": {"angle": 0, "axis": "y", "origin": [7, 0, -4]},
			"faces": {
				"north": {"uv": [0, 0, 16, 16], "texture": "#2"},
				"east": {"uv": [0, 0, 16, 16], "texture": "#2"},
				"south": {"uv": [0, 0, 16, 16], "texture": "#2"},
				"west": {"uv": [0, 0, 16, 16], "texture": "#1"},
				"up": {"uv": [0, 0, 16, 16], "texture": "#2"},
				"down": {"uv": [0, 0, 16, 16], "texture": "#2"}
			}
		},
		{
			"from": [0, 0, 0],
			"to": [5, 5, 5],
			"rotation": {"angle": 0, "axis": "y", "origin": [7, -11, -4]},
			"faces": {
				"north": {"uv": [0, 0, 16, 16], "texture": "#2"},
				"east": {"uv": [0, 0, 16, 16], "texture": "#2"},
				"south": {"uv": [0, 0, 16, 16], "texture": "#2"},
				"west": {"uv": [0, 0, 16, 16], "texture": "#2"},
				"up": {"uv": [0, 0, 16, 16], "texture": "#2"},
				"down": {"uv": [0, 0, 16, 16], "texture": "#2"}
			}
		},
		{
			"from": [11, 0, 0],
			"to": [16, 5, 5],
			"rotation": {"angle": 0, "axis": "y", "origin": [18, -11, -4]},
			"faces": {
				"north": {"uv": [0, 0, 16, 16], "texture": "#2"},
				"east": {"uv": [0, 0, 16, 16], "texture": "#2"},
				"south": {"uv": [0, 0, 16, 16], "texture": "#2"},
				"west": {"uv": [0, 0, 16, 16], "texture": "#2"},
				"up": {"uv": [0, 0, 16, 16], "texture": "#2"},
				"down": {"uv": [0, 0, 16, 16], "texture": "#2"}
			}
		},
		{
			"from": [11, 11, 0],
			"to": [16, 16, 5],
			"rotation": {"angle": 0, "axis": "y", "origin": [18, 0, -4]},
			"faces": {
				"north": {"uv": [0, 0, 16, 16], "texture": "#2"},
				"east": {"uv": [0, 0, 16, 16], "texture": "#2"},
				"south": {"uv": [0, 0, 16, 16], "texture": "#2"},
				"west": {"uv": [0, 0, 16, 16], "texture": "#2"},
				"up": {"uv": [0, 0, 16, 16], "texture": "#2"},
				"down": {"uv": [0, 0, 16, 16], "texture": "#2"}
			}
		},
		{
			"from": [11, 11, 11],
			"to": [16, 16, 16],
			"rotation": {"angle": 0, "axis": "y", "origin": [18, 0, 7]},
			"faces": {
				"north": {"uv": [0, 0, 16, 16], "texture": "#2"},
				"east": {"uv": [0, 0, 16, 16], "texture": "#2"},
				"south": {"uv": [0, 0, 16, 16], "texture": "#2"},
				"west": {"uv": [0, 0, 16, 16], "texture": "#2"},
				"up": {"uv": [0, 0, 16, 16], "texture": "#2"},
				"down": {"uv": [0, 0, 16, 16], "texture": "#2"}
			}
		},
		{
			"from": [11, 0, 11],
			"to": [16, 5, 16],
			"rotation": {"angle": 0, "axis": "y", "origin": [18, -11, 7]},
			"faces": {
				"north": {"uv": [0, 0, 16, 16], "texture": "#2"},
				"east": {"uv": [0, 0, 16, 16], "texture": "#2"},
				"south": {"uv": [0, 0, 16, 16], "texture": "#2"},
				"west": {"uv": [0, 0, 16, 16], "texture": "#2"},
				"up": {"uv": [0, 0, 16, 16], "texture": "#2"},
				"down": {"uv": [0, 0, 16, 16], "texture": "#2"}
			}
		},
		{
			"from": [11, 0, 5],
			"to": [16, 5, 11],
			"rotation": {"angle": 0, "axis": "y", "origin": [7, 0, 7]},
			"faces": {
				"north": {"uv": [16, 0, 0, 16], "texture": "#3"},
				"east": {"uv": [0, 16, 16, 0], "texture": "#3"},
				"south": {"uv": [16, 0, 0, 16], "texture": "#3"},
				"west": {"uv": [16, 0, 0, 16], "texture": "#3"},
				"up": {"uv": [0, 0, 13.33333, 16], "texture": "#5"},
				"down": {"uv": [16, 0, 0, 16], "texture": "#3"}
			}
		},
		{
			"from": [11, 5, 11],
			"to": [16, 11, 16],
			"rotation": {"angle": 0, "axis": "y", "origin": [7, 0, 7]},
			"faces": {
				"north": {"uv": [0, 0, 16, 16], "texture": "#7"},
				"east": {"uv": [0, 0, 16, 16], "texture": "#1"},
				"south": {"uv": [0, 0, 16, 16], "texture": "#1"},
				"west": {"uv": [0, 0, 16, 16], "texture": "#6"},
				"up": {"uv": [11.33333, 0.66667, 12.66667, 2], "texture": "#1"},
				"down": {"uv": [14, 0.66667, 15.33333, 2], "texture": "#1"}
			}
		},
		{
			"from": [11, 5, 0],
			"to": [16, 11, 5],
			"rotation": {"angle": 0, "axis": "y", "origin": [7, 0, -4]},
			"faces": {
				"north": {"uv": [0, 0, 16, 16], "texture": "#1"},
				"east": {"uv": [0, 0, 16, 16], "texture": "#1"},
				"south": {"uv": [0, 0, 16, 16], "texture": "#6"},
				"west": {"uv": [0, 0, 16, 16], "texture": "#7"},
				"up": {"uv": [11.33333, 0.66667, 12.66667, 2], "texture": "#1"},
				"down": {"uv": [14, 0.66667, 15.33333, 2], "texture": "#1"}
			}
		},
		{
			"from": [0, 5, 0],
			"to": [5, 11, 5],
			"rotation": {"angle": 0, "axis": "y", "origin": [-4, 0, -4]},
			"faces": {
				"north": {"uv": [0, 0, 16, 16], "texture": "#1"},
				"east": {"uv": [0, 0, 16, 16], "texture": "#6"},
				"south": {"uv": [0, 0, 16, 16], "texture": "#7"},
				"west": {"uv": [0, 0, 16, 16], "texture": "#1"},
				"up": {"uv": [32, 13.33333, 16, 0], "texture": "#1"},
				"down": {"uv": [32, 13.33333, 16, 26.66667], "texture": "#1"}
			}
		},
		{
			"from": [0, 5, 11],
			"to": [5, 11, 16],
			"rotation": {"angle": 0, "axis": "y", "origin": [-4, 0, 7]},
			"faces": {
				"north": {"uv": [0, 0, 16, 16], "texture": "#6"},
				"east": {"uv": [0, 0, 16, 16], "texture": "#7"},
				"south": {"uv": [0, 0, 16, 16], "texture": "#1"},
				"west": {"uv": [0, 0, 16, 16], "texture": "#1"},
				"up": {"uv": [11.33333, 0.66667, 12.66667, 2], "texture": "#1"},
				"down": {"uv": [14, 0.66667, 15.33333, 2], "texture": "#1"}
			}
		},
		{
			"from": [11, 11, 5],
			"to": [16, 16, 11],
			"rotation": {"angle": 0, "axis": "y", "origin": [7, 11, 7]},
			"faces": {
				"north": {"uv": [0, 0, 16, 16], "texture": "#3"},
				"east": {"uv": [0, 0, 16, 13.33333], "texture": "#3"},
				"south": {"uv": [0, 0, 16, 16], "texture": "#3"},
				"west": {"uv": [0, 0, 16, 16], "texture": "#3"},
				"up": {"uv": [16, 16, 0, 0], "texture": "#3"},
				"down": {"uv": [16, 0, 0, 16], "texture": "#8"}
			}
		},
		{
			"from": [0, 0, 5],
			"to": [5, 5, 11],
			"rotation": {"angle": 0, "axis": "y", "origin": [9, 0, 9]},
			"faces": {
				"north": {"uv": [0, 0, 16, 16], "texture": "#3"},
				"east": {"uv": [0, 0, 16, 16], "texture": "#3"},
				"south": {"uv": [0, 0, 16, 16], "texture": "#3"},
				"west": {"uv": [0, 0, 16, 13.33333], "texture": "#3"},
				"up": {"uv": [0, 0, 13.33333, 16], "rotation": 180, "texture": "#5"},
				"down": {"uv": [16, 0, 0, 16], "rotation": 180, "texture": "#3"}
			}
		},
		{
			"from": [0, 11, 5],
			"to": [5, 16, 11],
			"rotation": {"angle": 0, "axis": "y", "origin": [-4, 11, 7]},
			"faces": {
				"north": {"uv": [0, 0, 16, 16], "texture": "#3"},
				"east": {"uv": [0, 0, 16, 13.33333], "texture": "#3"},
				"south": {"uv": [0, 0, 16, 16], "texture": "#3"},
				"west": {"uv": [0, 0, 16, 16], "texture": "#3"},
				"up": {"uv": [16, 16, 0, 0], "texture": "#3"},
				"down": {"uv": [16, 0, 0, 16], "texture": "#8"}
			}
		},
		{
			"from": [5, 0, 11],
			"to": [11, 5, 16],
			"rotation": {"angle": 0, "axis": "y", "origin": [9, 0, 7]},
			"faces": {
				"north": {"uv": [0, 0, 16, 16], "texture": "#3"},
				"east": {"uv": [0, 0, 16, 16], "texture": "#3"},
				"south": {"uv": [0, 0, 16, 13.33333], "texture": "#3"},
				"west": {"uv": [0, 0, 16, 16], "texture": "#3"},
				"up": {"uv": [0, 0, 13.33333, 16], "rotation": 90, "texture": "#5"},
				"down": {"uv": [16, 0, 0, 16], "rotation": 270, "texture": "#3"}
			}
		},
		{
			"from": [5, 11, 11],
			"to": [11, 16, 16],
			"rotation": {"angle": 0, "axis": "y", "origin": [9, 11, 7]},
			"faces": {
				"north": {"uv": [0, 0, 16, 16], "texture": "#3"},
				"east": {"uv": [0, 0, 16, 16], "texture": "#3"},
				"south": {"uv": [0, 0, 16, 13.33333], "texture": "#3"},
				"west": {"uv": [0, 0, 16, 16], "texture": "#3"},
				"up": {"uv": [16, 16, 0, 0], "rotation": 90, "texture": "#3"},
				"down": {"uv": [16, 0, 0, 16], "rotation": 270, "texture": "#8"}
			}
		},
		{
			"from": [5, 0, 0],
			"to": [11, 5, 5],
			"rotation": {"angle": 0, "axis": "y", "origin": [7, 0, 9]},
			"faces": {
				"north": {"uv": [0, 0, 16, 13.33333], "texture": "#3"},
				"east": {"uv": [0, 0, 16, 16], "texture": "#3"},
				"south": {"uv": [0, 0, 16, 16], "texture": "#3"},
				"west": {"uv": [0, 0, 16, 16], "texture": "#3"},
				"up": {"uv": [0, 0, 13.33333, 16], "rotation": 270, "texture": "#5"},
				"down": {"uv": [16, 0, 0, 16], "rotation": 90, "texture": "#3"}
			}
		},
		{
			"from": [5, 11, 0],
			"to": [11, 16, 5],
			"rotation": {"angle": 0, "axis": "y", "origin": [9, 11, -4]},
			"faces": {
				"north": {"uv": [0, 0, 16, 16], "texture": "#3"},
				"east": {"uv": [0, 0, 16, 16], "texture": "#3"},
				"south": {"uv": [0, 0, 16, 13.33333], "texture": "#3"},
				"west": {"uv": [0, 0, 16, 16], "texture": "#3"},
				"up": {"uv": [16, 16, 0, 0], "rotation": 90, "texture": "#3"},
				"down": {"uv": [16, 0, 0, 16], "rotation": 270, "texture": "#8"}
			}
		}
	],
	"display": {
		"thirdperson_righthand": {
			"rotation": [90, 0, 0],
			"scale": [0.3, 0.3, 0.3]
		},
		"thirdperson_lefthand": {
			"rotation": [90, 0, 0],
			"scale": [0.3, 0.3, 0.3]
		},
		"firstperson_righthand": {
			"rotation": [8, 45, 0],
			"scale": [0.5, 0.5, 0.5]
		},
		"firstperson_lefthand": {
			"rotation": [8, 45, 0],
			"scale": [0.5, 0.5, 0.5]
		},
		"ground": {
			"scale": [0.3, 0.3, 0.3]
		},
		"gui": {
			"rotation": [30, 45, 0],
			"scale": [0.6, 0.6, 0.6]
		}
	}
}