{
	"credit": "Made with Blockbench",
	"texture_size": [64, 32],
	"textures": {
		"0": "entity/enchanting_table_book",
		"1": "blocks/enchanting_table_side",
		"2": "blocks/enchanting_table_top",
		"3": "blocks/enchanting_table_bottom",
		"particle": "entity/enchanting_table_book"
	},
	"elements": [
		{
			"from": [7, 11.999, 3],
			"to": [9, 12, 13],
			"rotation": {"angle": 0, "axis": "x", "origin": [8, 20, 3]},
			"faces": {
				"north": {"uv": [4, 0, 3.5, 0], "rotation": 180, "texture": "#0"},
				"east": {"uv": [3, 0, 3, 5], "rotation": 270, "texture": "#0"},
				"south": {"uv": [3.5, 0, 3, 0], "texture": "#0"},
				"west": {"uv": [3.5, 0, 3.5, 5], "rotation": 90, "texture": "#0"},
				"up": {"uv": [3.5, 0, 4, 5], "rotation": 180, "texture": "#0"},
				"down": {"uv": [3, 0, 3.5, 5], "texture": "#0"}
			}
		},
		{
			"from": [9, 11.999, 3],
			"to": [15, 12, 13],
			"shade": false,
			"rotation": {"angle": 0, "axis": "x", "origin": [8, 20, 3]},
			"faces": {
				"north": {"uv": [1.5, 0, 3, 0], "rotation": 180, "texture": "#0"},
				"east": {"uv": [1.5, 0, 1.5, 5], "rotation": 270, "texture": "#0"},
				"south": {"uv": [0, 0, 1.5, 0], "texture": "#0"},
				"west": {"uv": [0, 0, 0, 5], "rotation": 90, "texture": "#0"},
				"up": {"uv": [0, 0, 1.5, 5], "rotation": 180, "texture": "#0"},
				"down": {"uv": [1.5, 0, 3, 5], "texture": "#0"}
			}
		},
		{
			"from": [1, 11.999, 3],
			"to": [7, 12, 13],
			"shade": false,
			"rotation": {"angle": 0, "axis": "x", "origin": [7, 12, 3]},
			"faces": {
				"north": {"uv": [5.5, 0, 7, 0], "rotation": 180, "texture": "#0"},
				"east": {"uv": [5.5, 0, 5.5, 5], "rotation": 270, "texture": "#0"},
				"south": {"uv": [4, 0, 5.5, 0], "texture": "#0"},
				"west": {"uv": [4, 0, 4, 5], "rotation": 90, "texture": "#0"},
				"up": {"uv": [4, 0, 5.5, 5], "rotation": 180, "texture": "#0"},
				"down": {"uv": [5.5, 0, 7, 5], "texture": "#0"}
			}
		},
		{
			"from": [3, 12, 4],
			"to": [8, 12.99, 12],
			"rotation": {"angle": 0, "axis": "x", "origin": [8, 12, 3]},
			"faces": {
				"north": {"uv": [2.75, 5, 1.5, 5.5], "rotation": 180, "texture": "#0"},
				"east": {"uv": [0, 5.5, 0.25, 9.5], "rotation": 270, "texture": "#0"},
				"south": {"uv": [1.5, 5.5, 0.25, 5], "texture": "#0"},
				"west": {"uv": [1.5, 5.5, 1.75, 9.5], "rotation": 90, "texture": "#0"},
				"up": {"uv": [1.75, 5.5, 3, 9.5], "rotation": 180, "texture": "#0"}
			}
		},
		{
			"from": [8, 12, 4],
			"to": [13, 12.99, 12],
			"rotation": {"angle": 0, "axis": "x", "origin": [8, 20, 3]},
			"faces": {
				"north": {"uv": [5.75, 5, 4.5, 5.5], "rotation": 180, "texture": "#0"},
				"east": {"uv": [3, 5.5, 3.25, 9.5], "rotation": 270, "texture": "#0"},
				"south": {"uv": [4.5, 5.5, 3.25, 5], "texture": "#0"},
				"west": {"uv": [4.5, 5.5, 4.75, 9.5], "rotation": 90, "texture": "#0"},
				"up": {"uv": [3.25, 5.5, 4.5, 9.5], "rotation": 180, "texture": "#0"}
			}
		},
		{
			"from": [5.67878, 13.53184, 4],
			"to": [10.67878, 13.53284, 12],
			"rotation": {"angle": -22.5, "axis": "z", "origin": [8, 20, 3]},
			"faces": {
				"north": {"uv": [8.5, 5, 7.25, 5], "rotation": 180, "texture": "#missing"},
				"east": {"uv": [6, 5, 6, 9], "rotation": 270, "texture": "#missing"},
				"south": {"uv": [7.25, 5, 6, 5], "texture": "#missing"},
				"west": {"uv": [7.25, 5, 7.25, 9], "rotation": 90, "texture": "#missing"},
				"up": {"uv": [8.5, 5, 7.25, 9], "rotation": 180, "texture": "#0"},
				"down": {"uv": [6, 5, 7.25, 9], "texture": "#0"}
			}
		},
		{
			"from": [5.32122, 13.53184, 4],
			"to": [10.32122, 13.53284, 12],
			"rotation": {"angle": 22.5, "axis": "z", "origin": [8, 20, 3]},
			"faces": {
				"north": {"uv": [8.5, 5, 7.25, 5], "rotation": 180, "texture": "#missing"},
				"east": {"uv": [6, 5, 6, 9], "rotation": 270, "texture": "#missing"},
				"south": {"uv": [7.25, 5, 6, 5], "texture": "#missing"},
				"west": {"uv": [7.25, 5, 7.25, 9], "rotation": 90, "texture": "#missing"},
				"up": {"uv": [6, 5, 7.25, 9], "texture": "#0"},
				"down": {"uv": [7.25, 5, 8.5, 9], "texture": "#0"}
			}
		},
		{
			"from": [7, 12, 12],
			"to": [9, 13.2, 13],
			"rotation": {"angle": 0, "axis": "x", "origin": [8, 12, 13]},
			"faces": {
				"north": {"uv": [15.5, 0, 16, 0.5], "texture": "#0"},
				"east": {"uv": [15.5, 0, 16, 0.5], "rotation": 270, "texture": "#0"},
				"south": {"uv": [15.5, 0, 16, 0.5], "rotation": 180, "texture": "#0"},
				"west": {"uv": [15.5, 0, 16, 0.5], "rotation": 90, "texture": "#0"},
				"up": {"uv": [15.5, 0.5, 16, 1], "rotation": 180, "texture": "#0"}
			}
		},
		{
			"from": [7, 12, 12],
			"to": [9, 13.2, 13],
			"rotation": {"angle": 0, "axis": "x", "origin": [8, 12, 13]},
			"faces": {
				"north": {"uv": [15.5, 0, 16, 0.5], "texture": "#0"},
				"east": {"uv": [15.5, 0, 16, 0.5], "rotation": 270, "texture": "#0"},
				"south": {"uv": [15.5, 0, 16, 0.5], "rotation": 180, "texture": "#0"},
				"west": {"uv": [15.5, 0, 16, 0.5], "rotation": 90, "texture": "#0"},
				"up": {"uv": [15.5, 0.5, 16, 1], "rotation": 180, "texture": "#0"}
			}
		},
		{
			"from": [7.4, 13.1, 7],
			"to": [8.4, 13.1, 12],
			"rotation": {"angle": -22.5, "axis": "z", "origin": [8, 14, 11]},
			"faces": {
				"north": {"uv": [0, 0, 0.25, 0], "texture": "#missing"},
				"east": {"uv": [0, 0, 1.75, 0], "texture": "#missing"},
				"south": {"uv": [0, 0, 0.25, 0], "texture": "#missing"},
				"west": {"uv": [0, 0, 1.75, 0], "texture": "#missing"},
				"up": {"uv": [16, 1, 15.75, 3.5], "rotation": 180, "texture": "#0"},
				"down": {"uv": [0, 0, 0.25, 3.5], "rotation": 180, "texture": "#missing"}
			}
		},
		{
			"from": [7.6, 13.1, 6],
			"to": [8.6, 13.1, 12],
			"rotation": {"angle": 22.5, "axis": "z", "origin": [8, 14, 11]},
			"faces": {
				"north": {"uv": [0, 0, 0.25, 0], "texture": "#missing"},
				"east": {"uv": [0, 0, 1.75, 0], "texture": "#missing"},
				"south": {"uv": [0, 0, 0.25, 0], "texture": "#missing"},
				"west": {"uv": [0, 0, 1.75, 0], "texture": "#missing"},
				"up": {"uv": [15.75, 1, 15.5, 4], "rotation": 180, "texture": "#0"},
				"down": {"uv": [0, 0, 0.25, 3.5], "rotation": 180, "texture": "#missing"}
			}
		},
		{
			"from": [0, 0, 0],
			"to": [16, 11.999, 16],
			"rotation": {"angle": 0, "axis": "y", "origin": [7, 0, 7]},
			"faces": {
				"north": {"uv": [0, 4, 16, 16], "texture": "#1"},
				"east": {"uv": [0, 4, 16, 16], "texture": "#1"},
				"south": {"uv": [0, 4, 16, 16], "texture": "#1"},
				"west": {"uv": [0, 4, 16, 16], "texture": "#1"},
				"up": {"uv": [16, 16, 0, 0], "texture": "#2"},
				"down": {"uv": [16, 0, 0, 10], "texture": "#3"}
			}
		}
	],
	"gui_light": "front",
	"display": {
		"thirdperson_righthand": {
			"rotation": [0, -180, 0],
			"translation": [0, 0.5, 0.75],
			"scale": [0.3, 0.3, 0.3]
		},
		"thirdperson_lefthand": {
			"rotation": [0, -180, 0],
			"translation": [0, 0.5, 0.75],
			"scale": [0.3, 0.3, 0.3]
		},
		"firstperson_righthand": {
			"rotation": [11, 120, -1],
			"translation": [-2.75, 2.5, 3.5],
			"scale": [0.3, 0.3, 0.3]
		},
		"firstperson_lefthand": {
			"rotation": [11, -120, -1],
			"translation": [-2.75, 2.5, 3.5],
			"scale": [0.3, 0.3, 0.3]
		},
		"ground": {
			"translation": [0, 3, 0],
			"scale": [0.3, 0.3, 0.3]
		},
		"gui": {
			"rotation": [38, 135, 0],
			"translation": [0, 1, 0],
			"scale": [0.65, 0.65, 0.65]
		},
		"head": {
			"translation": [0, 9.75, 0]
		},
		"fixed": {
			"rotation": [-90, 0, 0],
			"scale": [0.6, 0.6, 0.6]
		}
	},
	"groups": [
		{
			"name": "group",
			"origin": [9, 5, 7],
			"color": 0,
			"children": [0, 1, 2, 3, 4, 5, 6, 7, 8, 9, 10]
		},
		11
	]
}